id,empresa_id,proveedor_id,categoria_id,suministro,calificacion_actual,nota_actual,proxima_evaluacion
009ea9c2-09bb-5a00-908e-313b1cde7902,a6f1d8c3-6194-5804-ac16-a98cc205559d,4245ae2f-6c4b-55d1-abec-e557115ad979,a18fb552-93f5-58a4-be11-ce3e5274f443,TRANSPORTE DE CARGA POR CARRETERA,confiable,80.0,2025-06-03
4e442b67-3edb-5b46-9b03-a0feb683f594,a6f1d8c3-6194-5804-ac16-a98cc205559d,4245ae2f-6c4b-55d1-abec-e557115ad979,86ccc685-a2fb-562e-9ac7-debfacbcf12a,TRANSPORTE DE CARGA POR CARRETERA,confiable,80.0,2026-05-29
a9d3bcf9-b378-5a58-a9e4-d2c83697edc9,a6f1d8c3-6194-5804-ac16-a98cc205559d,0f3f42e8-b5a3-560d-9027-079d3b954c20,27eab39b-d505-5d1f-85ff-615de00b8e9a,VENTA AL POR MAYOR DE MATERIAS PRIMAS AGROPECUARIAS Y ANIMALES VIVOS,confiable,85.0,2026-03-30
01509ffd-0a0c-579e-8aa0-e4990e92eefc,a6f1d8c3-6194-5804-ac16-a98cc205559d,e0c427bf-3ff7-525c-874c-074ba7623fc2,27eab39b-d505-5d1f-85ff-615de00b8e9a,IMPRESIÓN,confiable,75.0,2026-03-10
f8b499c3-07fb-54d8-a601-a87cd461dc4a,a6f1d8c3-6194-5804-ac16-a98cc205559d,14d57124-794e-576f-b9c4-a95cb70241dc,a18fb552-93f5-58a4-be11-ce3e5274f443,TRANSPORTE DE CARGA POR CARRETERA,confiable,80.0,2025-06-03
5e2dcb78-ca11-5d19-9cfc-a5d10c118574,a6f1d8c3-6194-5804-ac16-a98cc205559d,14d57124-794e-576f-b9c4-a95cb70241dc,86ccc685-a2fb-562e-9ac7-debfacbcf12a,TRANSPORTE DE CARGA POR CARRETERA,confiable,80.0,2026-05-29
31d9579d-b37a-5ab9-81fe-a70eb9371763,a6f1d8c3-6194-5804-ac16-a98cc205559d,b38ad1f0-45d6-5e3d-b49e-cfd989e899ab,27eab39b-d505-5d1f-85ff-615de00b8e9a,MATERIALES,confiable,85.0,2026-04-21
2ddb8d04-f1b0-5eac-99ec-923527292a94,a6f1d8c3-6194-5804-ac16-a98cc205559d,409b1fb1-7127-52cf-b40a-93d142c2316b,27eab39b-d505-5d1f-85ff-615de00b8e9a,ALQUILER Y ARRENDAMIENTO DE OTROS TIPOS DE MAQUINARIA,confiable,80.0,2026-03-12
691c1696-e748-5413-a133-cd65b919499d,a6f1d8c3-6194-5804-ac16-a98cc205559d,409b1fb1-7127-52cf-b40a-93d142c2316b,6bf4bdda-3739-51f4-be22-48b0e38ea47a,ALQUILER Y ARRENDAMIENTO DE OTROS TIPOS DE MAQUINARIA,confiable,80.0,2025-09-13
2cd221af-ec4d-50db-a573-dc4cd58bfb22,a6f1d8c3-6194-5804-ac16-a98cc205559d,ecb523dc-d599-5f6a-b8d0-be6766e2bd4e,27eab39b-d505-5d1f-85ff-615de00b8e9a,TRANSPORTE DE CARGA POR CARRETERA,confiable,75.0,2026-02-20
355b8f2b-b2f6-5c4b-9fee-45c1f40fda13,a6f1d8c3-6194-5804-ac16-a98cc205559d,ecb523dc-d599-5f6a-b8d0-be6766e2bd4e,e49105b2-4b4c-557e-b55d-7a6d977c8a9c,TRANSPORTE DE CARGA POR CARRETERA,confiable,75.0,2025-08-24
40a04e57-ef08-5f62-8c19-fdfebc203a4c,a6f1d8c3-6194-5804-ac16-a98cc205559d,656fa242-97ea-52c0-9087-d8367b6ed6c4,27eab39b-d505-5d1f-85ff-615de00b8e9a,TRANSPORTE DE CARGA POR CARRETERA,confiable,80.0,2026-04-28
7855fc0d-047b-5dbf-88a9-e1bb3f182ad0,a6f1d8c3-6194-5804-ac16-a98cc205559d,656fa242-97ea-52c0-9087-d8367b6ed6c4,6bf4bdda-3739-51f4-be22-48b0e38ea47a,Principal - 4923 - TRANSPORTE DE CARGA POR CARRETERA,confiable,80.0,2025-10-30
91aeb1cd-c580-582f-8c81-99568da90e6c,a6f1d8c3-6194-5804-ac16-a98cc205559d,656fa242-97ea-52c0-9087-d8367b6ed6c4,a18fb552-93f5-58a4-be11-ce3e5274f443,TRANSPORTE DE CARGA POR CARRETERA,confiable,80.0,2025-05-03
d7a3920b-650b-5392-ae34-008dc7f40a96,a6f1d8c3-6194-5804-ac16-a98cc205559d,0b418601-c102-5e2f-834b-5ffa3bcc9689,27eab39b-d505-5d1f-85ff-615de00b8e9a,IMPRENTA,confiable,80.0,2026-05-25
ab21540c-76d2-5eed-a0ff-012e60d13cbb,a6f1d8c3-6194-5804-ac16-a98cc205559d,a01b0037-cabf-5154-b103-6f8d921ed097,27eab39b-d505-5d1f-85ff-615de00b8e9a,Principal - 4923 - TRANSPORTE DE CARGA POR CARRETERA,confiable,80.0,2026-04-28
09678db9-ae6e-5e2e-abd7-d2469d39d4f3,a6f1d8c3-6194-5804-ac16-a98cc205559d,a01b0037-cabf-5154-b103-6f8d921ed097,6bf4bdda-3739-51f4-be22-48b0e38ea47a,Principal - 4923 - TRANSPORTE DE CARGA POR CARRETERA,confiable,80.0,2025-10-30
ea2ff426-12c3-5ba6-8b15-2328c92ef6e1,a6f1d8c3-6194-5804-ac16-a98cc205559d,a01b0037-cabf-5154-b103-6f8d921ed097,a18fb552-93f5-58a4-be11-ce3e5274f443,TRANSPORTE DE CARGA POR CARRETERA,confiable,80.0,2025-05-03
8e803f65-af16-56ca-8101-9f4153ff3fe7,a6f1d8c3-6194-5804-ac16-a98cc205559d,cae787b4-30d8-5dfc-b540-ba0b9a4e2ca2,6bf4bdda-3739-51f4-be22-48b0e38ea47a,CALIBRACIONES,confiable,75.0,2026-03-17
178ad169-e394-5ef4-9878-5a1700e92f81,a6f1d8c3-6194-5804-ac16-a98cc205559d,4dc31e2d-01ef-5d41-bdbd-4267bf8516b0,27eab39b-d505-5d1f-85ff-615de00b8e9a,CERO VALVULVAS,confiable,80.0,2026-05-29
a00c17c7-7d30-5f44-adc1-1f41bcbad222,a6f1d8c3-6194-5804-ac16-a98cc205559d,bbace857-e8bc-58fd-afeb-ee98cad90261,27eab39b-d505-5d1f-85ff-615de00b8e9a,TRANSPORTE DE CARGA POR CARRETERA,confiable,75.0,2026-02-20
70b06dd1-60aa-5c83-8d7d-c96a6c80c963,a6f1d8c3-6194-5804-ac16-a98cc205559d,bbace857-e8bc-58fd-afeb-ee98cad90261,e49105b2-4b4c-557e-b55d-7a6d977c8a9c,TRANSPORTE DE CARGA POR CARRETERA,confiable,75.0,2025-08-24
261aa791-6863-5fae-beff-b22f0108609c,a6f1d8c3-6194-5804-ac16-a98cc205559d,97a9803d-1c96-52ec-aea6-cc20172bf985,27eab39b-d505-5d1f-85ff-615de00b8e9a,"DISTRIBUCION DE SUMINISTROS, PARTES Y PIEZAS DE COMPUTO",confiable,75.0,2025-11-26
3ee6e6a8-692d-5769-b502-dfe57334d06d,a6f1d8c3-6194-5804-ac16-a98cc205559d,ab803cff-e869-5a2e-8ac6-e5224abca05c,6bf4bdda-3739-51f4-be22-48b0e38ea47a,SUMINISTRO CONCRETO PREMEZCLADO,medianamente_confiable,35.0,2025-09-13
1a8a1302-9fd8-5631-9d27-81a05a56fa84,a6f1d8c3-6194-5804-ac16-a98cc205559d,ab803cff-e869-5a2e-8ac6-e5224abca05c,30a409fd-4ff6-5785-938b-4e571b760011,SUMINISTRO CONCRETO PREMEZCLADO,medianamente_confiable,60.0,2025-06-15
09df1401-923c-5c1c-a0fc-c8b984123aa4,a6f1d8c3-6194-5804-ac16-a98cc205559d,ab803cff-e869-5a2e-8ac6-e5224abca05c,86ccc685-a2fb-562e-9ac7-debfacbcf12a,SUMINISTRO CONCRETO PREMEZCLADO,medianamente_confiable,35.0,2026-03-12
52ea785a-7288-55a6-aeb3-edcdc76129ab,a6f1d8c3-6194-5804-ac16-a98cc205559d,f1350b8c-29e2-5b72-bcaa-ae190e5be92f,6bf4bdda-3739-51f4-be22-48b0e38ea47a,ENSAYOS Y ANALISIS TECNICOS,confiable,80.0,2026-03-18
c55d5bda-f055-580e-b800-8c718c146baa,a6f1d8c3-6194-5804-ac16-a98cc205559d,7de90eb2-ddcb-5ae8-9586-92079b1bf18b,27eab39b-d505-5d1f-85ff-615de00b8e9a,VENTA AL POR MAYOR ENSERES DOMESTICOS,confiable,75.0,2026-06-04
6c7e56fe-0e05-5ec1-8786-44328003f521,a6f1d8c3-6194-5804-ac16-a98cc205559d,9802ca7d-2818-5d28-af5b-c138d3f8c77f,27eab39b-d505-5d1f-85ff-615de00b8e9a,CALIBRACION Y VENTA DE EQUIPOS,confiable,75.0,2026-05-21
0b37ce52-1d45-5140-9087-8a602b3c1ed1,a6f1d8c3-6194-5804-ac16-a98cc205559d,d1267575-5cff-542a-baa9-6bb5e55e60c4,27eab39b-d505-5d1f-85ff-615de00b8e9a,CABLES Y CONDUCTORES ELECTRICOS DE COBRE Y ALUMINIO DE BAJA Y MEDIA TENSIÓN,confiable,80.0,2026-03-17
d11d103d-2ef3-5e6d-be8e-36bfea0948fc,a6f1d8c3-6194-5804-ac16-a98cc205559d,26a436bc-59c4-5a30-8314-23711c19fcbd,27eab39b-d505-5d1f-85ff-615de00b8e9a,"IMPORTACION DE VALVULAS, CONEXIONES Y BRIDAS",confiable,75.0,2026-03-10
98bbaaeb-f5ec-5076-a053-272425915158,a6f1d8c3-6194-5804-ac16-a98cc205559d,411b169f-5135-5173-8f9a-4e00a3784ba5,27eab39b-d505-5d1f-85ff-615de00b8e9a,VENTA AL POR MENOR DE COMBUSTIBLES PARA VEHÍCULOS,confiable,75.0,2026-02-20
f10b50a6-aff6-50f8-821d-4830978c9a89,a6f1d8c3-6194-5804-ac16-a98cc205559d,411b169f-5135-5173-8f9a-4e00a3784ba5,6bf4bdda-3739-51f4-be22-48b0e38ea47a,VENTA AL POR MENOR DE COMBUSTIBLES PARA VEHÍCULOS AUTOMOTORES EN COMERCIOS ESPECIALIZADOS,confiable,75.0,2025-08-24
f32ad9a0-6450-5ca2-8ba6-f19bf107a735,a6f1d8c3-6194-5804-ac16-a98cc205559d,8cd0feff-f92a-5f0a-a079-bd0ed766cef0,6bf4bdda-3739-51f4-be22-48b0e38ea47a,"ALQUILER Y ARRENDAMIENTO DE OTROS TIPOS DE
MAQUINARIA, EQUIPO Y BIENES TANGIBLES",confiable,75.0,2026-03-17
b8c3c706-d9a5-52ff-93a7-a18014e39786,a6f1d8c3-6194-5804-ac16-a98cc205559d,bc80dd51-3342-5416-9184-5fc28f01463d,6bf4bdda-3739-51f4-be22-48b0e38ea47a,"FABRICACIÓN DE ARTÍCULOS DE HORMIGÓN,
CEMENTO Y YESO",confiable,75.0,2026-03-17
b2fbdfed-b2d8-5b32-8d51-bcec7361df8b,a6f1d8c3-6194-5804-ac16-a98cc205559d,144a32f0-3aa0-5393-ad78-9a67ecd3dccc,27eab39b-d505-5d1f-85ff-615de00b8e9a,SERVICIO DE ALQUILER MAQUINARIAS,confiable,75.0,2026-04-08
03e7290b-89db-53d5-b474-943057605c65,a6f1d8c3-6194-5804-ac16-a98cc205559d,144a32f0-3aa0-5393-ad78-9a67ecd3dccc,6bf4bdda-3739-51f4-be22-48b0e38ea47a,SERVICIO DE ALQUILER MAQUINARIAS,confiable,75.0,2025-10-10
f7fe80a2-bf9d-50e7-9372-8fe4bc63c54e,a6f1d8c3-6194-5804-ac16-a98cc205559d,b645b3aa-f8c5-5c70-8721-af894be5a9ed,27eab39b-d505-5d1f-85ff-615de00b8e9a,CALIBRACIONES Y MANTENIMIENTO DE EQUIPOS,confiable,75.0,2026-03-11
edc676d6-b1c0-51fb-8e6e-b86a8e6a4b7b,a6f1d8c3-6194-5804-ac16-a98cc205559d,b645b3aa-f8c5-5c70-8721-af894be5a9ed,6bf4bdda-3739-51f4-be22-48b0e38ea47a,CALINBRACION Y MANTENIMIENTO DE EQUIPOS,confiable,75.0,2025-09-12
e195bb7d-9d38-518e-9a55-d61c8b5b3f43,a6f1d8c3-6194-5804-ac16-a98cc205559d,1eb8ec94-5ed4-5d2a-8c00-70f5da6767aa,27eab39b-d505-5d1f-85ff-615de00b8e9a,FABRICACIÓN Y DISTRIBUCIÓN DE EQUIPOS DE PROTECCIÓN PERSONAL EPPS,confiable,75.0,2026-03-30
ab227ed6-c9e8-5f96-b95b-ef14c6415f70,a6f1d8c3-6194-5804-ac16-a98cc205559d,95fddc60-7a9c-5a23-83d7-4dc685938166,27eab39b-d505-5d1f-85ff-615de00b8e9a,CALIBRACION Y VENTA DE EQUIPOS,confiable,75.0,2026-05-25
a2f80e04-02bf-505b-b2c0-ee3cdcdf0b95,a6f1d8c3-6194-5804-ac16-a98cc205559d,95fddc60-7a9c-5a23-83d7-4dc685938166,6bf4bdda-3739-51f4-be22-48b0e38ea47a,CALIBRACION Y VENTA DE EQUIPOS,confiable,75.0,2025-05-30
f10ffe15-cff0-5bd4-a41c-caa7f0653c9b,a6f1d8c3-6194-5804-ac16-a98cc205559d,1d3d4830-5b50-5116-bb9e-06b94005bb09,27eab39b-d505-5d1f-85ff-615de00b8e9a,SERVICIO DE CALIBRACIÓN DE INSTRUMENTOS DE MEDICIÓN,confiable,80.0,2026-05-25
fe5cee4a-4714-5af4-8b1a-20b47709339c,a6f1d8c3-6194-5804-ac16-a98cc205559d,1d3d4830-5b50-5116-bb9e-06b94005bb09,6bf4bdda-3739-51f4-be22-48b0e38ea47a,SERVICIO DE CALIBRACIÓN DE INSTRUMENTOS DE MEDICIÓN,confiable,80.0,2025-11-26
fb1c043c-571d-5f6a-b0db-04ff5bd072f6,a6f1d8c3-6194-5804-ac16-a98cc205559d,a2039bd8-2563-59ad-bdd6-b4db46e6afe7,6bf4bdda-3739-51f4-be22-48b0e38ea47a,ENSAYOS Y ANALISIS TECNICOS,confiable,80.0,2026-03-17
f5c22e48-3122-596f-8de6-bf93b3b0a5b2,a6f1d8c3-6194-5804-ac16-a98cc205559d,266ad55e-f04b-5859-9b2d-ec1463bfbeb9,27eab39b-d505-5d1f-85ff-615de00b8e9a,COMPRA DE MAQUINARIA,confiable,85.0,2026-03-11
893049e5-4003-50d6-883c-908aba7e79f6,a6f1d8c3-6194-5804-ac16-a98cc205559d,266ad55e-f04b-5859-9b2d-ec1463bfbeb9,6bf4bdda-3739-51f4-be22-48b0e38ea47a,COMPRA DE MAQUINARIA,confiable,85.0,2025-09-12
bf2aa068-80ea-5fd9-983d-86a846f2409e,a6f1d8c3-6194-5804-ac16-a98cc205559d,fbe11e7b-0503-50a7-9dda-c335f7bac08f,27eab39b-d505-5d1f-85ff-615de00b8e9a,"ALQUILER Y ARRENDAMIENTO DE OTROS TIPOS DE MAQUINARIA, EQUIPO Y BIENES TANGIBLES",confiable,80.0,2026-02-08
d4588a6b-7a7b-5a85-9d5a-0ff4cf10cdc5,a6f1d8c3-6194-5804-ac16-a98cc205559d,fbe11e7b-0503-50a7-9dda-c335f7bac08f,4fe1c8eb-2067-5121-a3d9-1f51f8059a92,"ALQUILER Y ARRENDAMIENTO DE OTROS TIPOS DE MAQUINARIA, EQUIPO Y BIENES TANGIBLES",confiable,80.0,2025-08-12
2d7935ba-4ebf-5870-bf28-bca837d6e443,a6f1d8c3-6194-5804-ac16-a98cc205559d,fbe11e7b-0503-50a7-9dda-c335f7bac08f,86ccc685-a2fb-562e-9ac7-debfacbcf12a,"ALQUILER Y ARRENDAMIENTO DE OTROS TIPOS DE MAQUINARIA,
EQUIPO Y BIENES TANGIBLES",confiable,75.0,2026-08-07
7af5a3e9-6705-5d49-8408-8d1b6e31ee35,a6f1d8c3-6194-5804-ac16-a98cc205559d,9b26f9ec-608c-5beb-b799-f7140f259fa9,27eab39b-d505-5d1f-85ff-615de00b8e9a,ASESORIA Y CONSULTORIA EMPRESARIAL,confiable,80.0,2026-02-20
f9a3cc43-9f45-5a6f-8cf3-74d104038bc9,a6f1d8c3-6194-5804-ac16-a98cc205559d,03bfe5e5-c446-578f-88ad-b25b95754521,27eab39b-d505-5d1f-85ff-615de00b8e9a,"VENTA DE VALVULAS, BRIDAS, ACERO",confiable,80.0,2026-03-11
5e52fd11-c8e7-565c-8fad-85888f5b1a3c,a6f1d8c3-6194-5804-ac16-a98cc205559d,17ee656a-dabb-563f-8c10-2e1c013eb1a7,27eab39b-d505-5d1f-85ff-615de00b8e9a,VENTA DE CAJAS Y BIDONES DE AGUA,confiable,75.0,2026-05-12
006ee080-39a9-5301-8da8-c882ebe9f750,a6f1d8c3-6194-5804-ac16-a98cc205559d,37ded685-5fe6-5c86-b454-a3245ad4bf55,6bf4bdda-3739-51f4-be22-48b0e38ea47a,TRANSPORTE DE CARGA POR CARRETERA,confiable,75.0,2026-03-26
521abf56-a124-51e2-859f-fba5069475f7,a6f1d8c3-6194-5804-ac16-a98cc205559d,6f178344-106a-5773-a890-da7b113b2829,27eab39b-d505-5d1f-85ff-615de00b8e9a,ALQUILER Y ARRENDAMIENTO DE OTRO,confiable,80.0,2026-04-08
02527481-7e2d-59fd-b128-c63ac069990d,a6f1d8c3-6194-5804-ac16-a98cc205559d,6f178344-106a-5773-a890-da7b113b2829,6bf4bdda-3739-51f4-be22-48b0e38ea47a,ALQUILER Y ARRENDAMIENTO DE OTRO,confiable,80.0,2025-10-10
d5a8361a-e234-5038-ad1b-42c3abc8f6bc,a6f1d8c3-6194-5804-ac16-a98cc205559d,7d72dd2d-74d2-5742-b41b-c7530e5de88b,27eab39b-d505-5d1f-85ff-615de00b8e9a,FERRETERIA,confiable,75.0,2026-06-01
bc6d643b-0d38-501b-bde9-9a84b5d07a2e,a6f1d8c3-6194-5804-ac16-a98cc205559d,11356732-44c1-551f-a663-f1b89a43c9b2,27eab39b-d505-5d1f-85ff-615de00b8e9a,VENTA POR MAYOR NO ESPECIALIZADA,confiable,75.0,2026-05-25
75377caf-f094-5c63-baaf-55ca08ddd3a2,a6f1d8c3-6194-5804-ac16-a98cc205559d,c1841acc-3af1-5366-a45f-403dfe72e32b,a18fb552-93f5-58a4-be11-ce3e5274f443,TRANSPORTE DE CARGA POR CARRETERA,confiable,80.0,2025-06-03
3879794b-cb0a-5bb7-91b6-19f1092174b7,a6f1d8c3-6194-5804-ac16-a98cc205559d,c1841acc-3af1-5366-a45f-403dfe72e32b,86ccc685-a2fb-562e-9ac7-debfacbcf12a,TRANSPORTE DE CARGA POR CARRETERA,confiable,80.0,2026-05-29
7ce9ba67-803d-589a-b89b-112b1959e709,a6f1d8c3-6194-5804-ac16-a98cc205559d,b14f4b29-31ac-56a4-b03c-3b282dcb019f,27eab39b-d505-5d1f-85ff-615de00b8e9a,Principal - 4923 - TRANSPORTE DE CARGA POR CARRETERA,confiable,80.0,2026-04-28
d2728276-9634-5034-b858-1a0bf0b0ccfa,a6f1d8c3-6194-5804-ac16-a98cc205559d,b14f4b29-31ac-56a4-b03c-3b282dcb019f,6bf4bdda-3739-51f4-be22-48b0e38ea47a,Principal - 4923 - TRANSPORTE DE CARGA POR CARRETERA,confiable,80.0,2025-10-30
46cf53ab-3bd4-5d6d-ac1e-2b6464c839a8,a6f1d8c3-6194-5804-ac16-a98cc205559d,b14f4b29-31ac-56a4-b03c-3b282dcb019f,a18fb552-93f5-58a4-be11-ce3e5274f443,Principal - 4923 - TRANSPORTE DE CARGA POR CARRETERA,confiable,80.0,2025-05-03
1fa6b7cb-b5e8-50f4-a58f-f2f183feb6ea,a6f1d8c3-6194-5804-ac16-a98cc205559d,61919884-6cfa-540f-a194-9c65dca7183f,27eab39b-d505-5d1f-85ff-615de00b8e9a,OTRAS ACTIVIDADES DE SERVICIOS PERSONALES N.C.P.,confiable,85.0,2026-03-17
d272531f-4069-53cd-917f-b997363dca7b,a6f1d8c3-6194-5804-ac16-a98cc205559d,aac39d56-c70d-5d23-9a28-34b80de91a35,27eab39b-d505-5d1f-85ff-615de00b8e9a,MOBILIARIO PROYECTO,confiable,80.0,2026-05-25
4a9f5de8-149d-5288-97b3-a3ee2d81efbd,a6f1d8c3-6194-5804-ac16-a98cc205559d,a1758b75-b06b-59f8-b171-fae955fa334b,27eab39b-d505-5d1f-85ff-615de00b8e9a,MANTENIMIENTO Y REPARAC. VEHICULOS.,confiable,75.0,2026-02-20
4d15342e-7958-570b-bf95-8d265bd1ef4b,a6f1d8c3-6194-5804-ac16-a98cc205559d,a1758b75-b06b-59f8-b171-fae955fa334b,58d5cd65-a153-5cb4-b6d6-5ea3c87fdd5f,MANTENIMIENTO Y REPARAC. VEHICULOS.,confiable,75.0,2025-08-24
314bd751-cafa-5cbc-82f9-faccdd211fdb,a6f1d8c3-6194-5804-ac16-a98cc205559d,c8a983d0-0288-5a5d-b363-2a639728593d,27eab39b-d505-5d1f-85ff-615de00b8e9a,VENTA AL POR MAYOR NO ESPECIALIZADA,confiable,80.0,2025-03-16
79ffecd2-8963-509a-889a-91f6d6892d32,a6f1d8c3-6194-5804-ac16-a98cc205559d,5405fd7b-4918-595a-9d8e-3247550fb6ac,27eab39b-d505-5d1f-85ff-615de00b8e9a,ARTICULOS DE FERRETERIA,confiable,90.0,2024-12-02
37eebc2c-2d8b-50e1-a123-7ce988f6f84b,a6f1d8c3-6194-5804-ac16-a98cc205559d,0a8e173f-11a1-531a-bb86-f0bfdca2daad,27eab39b-d505-5d1f-85ff-615de00b8e9a,ALQUILER Y ARRENDAMIENTO DE OTROS TIPOS DE MAQUINARIA,confiable,75.0,2026-02-20
4454fe09-b119-539f-8947-2c0e03c15092,a6f1d8c3-6194-5804-ac16-a98cc205559d,0a8e173f-11a1-531a-bb86-f0bfdca2daad,6bf4bdda-3739-51f4-be22-48b0e38ea47a,"ALQUILER Y ARRENDAMIENTO DE OTROS TIPOS DE MAQUINARIA, EQUIPO Y BIENES TANGIBLES",confiable,75.0,2025-08-24
63572bc5-01d3-5f00-9a31-33daaa89c02c,a6f1d8c3-6194-5804-ac16-a98cc205559d,bca66c1f-bbf7-5f8e-be4c-a9844a5e7db6,27eab39b-d505-5d1f-85ff-615de00b8e9a,TRANSPORTE DE CARGA POR CARRETERA,confiable,80.0,2026-04-28
a6239ba5-b246-5230-bac9-2c21c6f81c0b,a6f1d8c3-6194-5804-ac16-a98cc205559d,bca66c1f-bbf7-5f8e-be4c-a9844a5e7db6,6bf4bdda-3739-51f4-be22-48b0e38ea47a,SERVICIOS GENERALES,confiable,80.0,2025-10-30
0bd3f2b1-d879-58d2-8d63-5e032a19afbf,a6f1d8c3-6194-5804-ac16-a98cc205559d,bca66c1f-bbf7-5f8e-be4c-a9844a5e7db6,a18fb552-93f5-58a4-be11-ce3e5274f443,TRANSPORTE DE CARGA POR CARRETERA,confiable,80.0,2025-05-03
54cde019-6774-5b40-a222-e29911fe2324,a6f1d8c3-6194-5804-ac16-a98cc205559d,b14ee9c6-e831-5157-8b47-78e1a693e0d0,27eab39b-d505-5d1f-85ff-615de00b8e9a,TRANSPORTE DE CARGA POR CARRETERA,confiable,75.0,2026-05-14
76eef151-907a-5270-b5c0-b1a5fe64e0cc,a6f1d8c3-6194-5804-ac16-a98cc205559d,b14ee9c6-e831-5157-8b47-78e1a693e0d0,6bf4bdda-3739-51f4-be22-48b0e38ea47a,TRANSPORTE DE CARGA POR CARRETERA,confiable,80.0,2025-11-15
a2cfb800-032a-5e1a-8014-47742217cf25,a6f1d8c3-6194-5804-ac16-a98cc205559d,b14ee9c6-e831-5157-8b47-78e1a693e0d0,a18fb552-93f5-58a4-be11-ce3e5274f443,TRANSPORTE DE CARGA POR CARRETERA,confiable,80.0,2025-05-19
25ba258d-74f2-5917-99e0-613c6347b57a,a6f1d8c3-6194-5804-ac16-a98cc205559d,02f82595-f69d-5275-a621-350eb6c03fab,27eab39b-d505-5d1f-85ff-615de00b8e9a,FERRETERIA Y FONTANERIA,confiable,75.0,2026-04-08
fa6a7bca-278b-5636-bd0a-28353067fb1f,a6f1d8c3-6194-5804-ac16-a98cc205559d,4228a080-9487-5dd4-ae5f-f97aa80c4572,27eab39b-d505-5d1f-85ff-615de00b8e9a,INSTALACION DE SISTEMAS CONTRA INCENDIOS,confiable,90.0,2026-03-10
399c7535-4c56-597a-a4bb-07b085bb6c0f,a6f1d8c3-6194-5804-ac16-a98cc205559d,4228a080-9487-5dd4-ae5f-f97aa80c4572,6bf4bdda-3739-51f4-be22-48b0e38ea47a,INSTALACION DE SISTEMAS CONTRA INCENDIOS,confiable,90.0,2025-09-11
99eadeb9-da50-5714-9013-edf0444cde75,a6f1d8c3-6194-5804-ac16-a98cc205559d,910b1d9f-6755-55cd-bdca-8327d0a8a954,27eab39b-d505-5d1f-85ff-615de00b8e9a,MATERIALES,confiable,75.0,2026-07-25
8a51d741-4e23-504c-8dc1-ed7494e6e2a2,a6f1d8c3-6194-5804-ac16-a98cc205559d,c4d7337b-9c98-50fd-9d51-14f74529cedd,27eab39b-d505-5d1f-85ff-615de00b8e9a,Venta al por mayor no especializada,confiable,80.0,2026-05-25
7b58ae94-4c5f-5e65-8ad3-6937ced691ea,a6f1d8c3-6194-5804-ac16-a98cc205559d,c4d7337b-9c98-50fd-9d51-14f74529cedd,6bf4bdda-3739-51f4-be22-48b0e38ea47a,VENTA POR MAYOR NO ESPECIALIZADA,confiable,80.0,2025-11-26
50a105d0-d756-5cda-8ee0-fc5f628c78f9,a6f1d8c3-6194-5804-ac16-a98cc205559d,a407c82a-4654-5e94-9875-b6cc2453d812,e002fb1b-5c16-59a2-9a5b-8b6c4b780b29,1. SERVICIOS GENERALES,confiable,80.0,2025-08-12
5dbbd952-518e-5e93-9c19-42c1a287a672,a6f1d8c3-6194-5804-ac16-a98cc205559d,a407c82a-4654-5e94-9875-b6cc2453d812,27eab39b-d505-5d1f-85ff-615de00b8e9a,"ALQUILER Y ARRENDAMIENTO DE OTROS TIPOS DE MAQUINARIA, EQUIPO Y BIENES TANGIBLES",confiable,80.0,2026-02-08
84d467ce-3cc6-5a29-806f-f01237dfd127,a6f1d8c3-6194-5804-ac16-a98cc205559d,a407c82a-4654-5e94-9875-b6cc2453d812,86ccc685-a2fb-562e-9ac7-debfacbcf12a,"ALQUILER Y ARRENDAMIENTO DE OTROS TIPOS DE MAQUINARIA,
EQUIPO Y BIENES TANGIBLES",confiable,80.0,2026-08-07
a400dde0-76c9-5777-b331-206b8712d500,a6f1d8c3-6194-5804-ac16-a98cc205559d,1a520a98-4706-51e1-9268-79a79370b056,27eab39b-d505-5d1f-85ff-615de00b8e9a,VENTA AL POR MENOR DE OTROS PRODUCTOS,confiable,75.0,2026-07-20
39687414-cf99-5fb0-8f4b-ceabc5446a4d,a6f1d8c3-6194-5804-ac16-a98cc205559d,7eb15a07-6dfe-5732-a35c-214a78979522,6bf4bdda-3739-51f4-be22-48b0e38ea47a,ACTIVIDADES DE SEGURIDAD PRIVADA,confiable,75.0,2026-03-04
594ada44-106c-5490-b5da-42730ea768c2,a6f1d8c3-6194-5804-ac16-a98cc205559d,c0e00dfa-e48f-5cc4-9391-efab53724188,27eab39b-d505-5d1f-85ff-615de00b8e9a,"ACTIVIDADES DE ARQUITECTURA E INGENIERÍA Y ACTIVIDADES
CONEXAS DE CONSULTORÍA TÉCNICA",confiable,75.0,2026-05-06
f67f0448-d098-5331-a9e8-6ed9c2be5449,a6f1d8c3-6194-5804-ac16-a98cc205559d,c0e00dfa-e48f-5cc4-9391-efab53724188,6bf4bdda-3739-51f4-be22-48b0e38ea47a,ACTIVIDADES DE ARQUITECTURA E INGENIERÍA Y ACTIVIDADES CONEXAS DE CONSULTORÍA TÉCNICA,confiable,75.0,2025-11-07
e5cf7d26-0824-5f97-9569-8c2477c2d706,a6f1d8c3-6194-5804-ac16-a98cc205559d,c0e00dfa-e48f-5cc4-9391-efab53724188,a18fb552-93f5-58a4-be11-ce3e5274f443,ACTIVIDADES DE ARQUITECTURA E INGENIERÍA Y ACTIVIDADES CONEXAS DE CONSULTORÍA TÉCNICA,confiable,75.0,2025-05-11
50055674-c01b-5b40-9c5e-72821792b7ee,a6f1d8c3-6194-5804-ac16-a98cc205559d,7c8a2e8c-52a5-5f16-855a-675008475920,27eab39b-d505-5d1f-85ff-615de00b8e9a,VENTA AL POR MAYOR DE MATERIALES DE CONSTRUCCIÓN,confiable,75.0,2026-05-25
2d396415-7c71-5c75-8bac-3c8c184e24bc,a6f1d8c3-6194-5804-ac16-a98cc205559d,ea0d1fb8-f565-5e12-a65c-96ff1c29aa76,27eab39b-d505-5d1f-85ff-615de00b8e9a,TRANSPORTE DE CARGA POR CARRETERA,confiable,75.0,2026-04-08
38892428-8e39-5414-8a46-4f569b9ef372,a6f1d8c3-6194-5804-ac16-a98cc205559d,ea0d1fb8-f565-5e12-a65c-96ff1c29aa76,6bf4bdda-3739-51f4-be22-48b0e38ea47a,TRANSPORTE DE CARGA POR CARRETERA,confiable,75.0,2025-10-10
9e7c6407-eea9-5e6c-91c5-acb89f0515c8,a6f1d8c3-6194-5804-ac16-a98cc205559d,632a4ec9-4372-503d-801a-8ce5f0c250f2,27eab39b-d505-5d1f-85ff-615de00b8e9a,FABRICACION DE PRENDAS DE VESTIR,confiable,75.0,2026-06-30
a0350c96-5c5b-5497-a0f8-05897071fe6b,a6f1d8c3-6194-5804-ac16-a98cc205559d,96ed903f-e35b-58bc-852b-b91e730a3a15,27eab39b-d505-5d1f-85ff-615de00b8e9a,ABASTECIMIENTO DE PRODUCTOS INDUSTRIALES,confiable,85.0,2024-12-01
8bbeedf2-b172-564f-87a3-62ca3c05235c,a6f1d8c3-6194-5804-ac16-a98cc205559d,0b892670-7540-5667-a5a4-8b45bc8fd116,27eab39b-d505-5d1f-85ff-615de00b8e9a,CAPACITACIONES,confiable,75.0,2026-05-06
69d06010-9c23-54ed-9f84-d9d2f6ffae85,a6f1d8c3-6194-5804-ac16-a98cc205559d,0b892670-7540-5667-a5a4-8b45bc8fd116,6bf4bdda-3739-51f4-be22-48b0e38ea47a,CAPACITACIONES,confiable,75.0,2025-11-07
dec988ff-b416-53c9-a666-f6a5fde83db4,a6f1d8c3-6194-5804-ac16-a98cc205559d,69f9dd7c-a479-5873-a0d3-9da82f452128,27eab39b-d505-5d1f-85ff-615de00b8e9a,IMPRESIÓN,confiable,80.0,2026-05-25
a0fef741-496a-53e4-9b31-8b41ded9edd7,a6f1d8c3-6194-5804-ac16-a98cc205559d,83151023-0d0b-5c18-99bf-ea82d7cbe0f2,27eab39b-d505-5d1f-85ff-615de00b8e9a,"ALQUILER Y ARRENDAMIENTO DE OTROS TIPOS DE MAQUINARIA, EQUIPO Y BIENES TANGIBLES",confiable,75.0,2026-04-08
95681b3e-500b-5fd6-9751-404adf9d432a,a6f1d8c3-6194-5804-ac16-a98cc205559d,83151023-0d0b-5c18-99bf-ea82d7cbe0f2,6bf4bdda-3739-51f4-be22-48b0e38ea47a,"ALQUILER Y ARRENDAMIENTO DE OTROS TIPOS DE MAQUINARIA, EQUIPO Y BIENES TANGIBLES",confiable,75.0,2025-10-10
3258a17f-626f-5b18-90ad-42dee90e4bcd,a6f1d8c3-6194-5804-ac16-a98cc205559d,a0456372-0664-542f-a98c-a6225a23e6b3,27eab39b-d505-5d1f-85ff-615de00b8e9a,"VENTA AL POR MENOR DE OTROS PRODUCTOS NUEVOS EN COMERCIOS
ESPECIALIZADOS",confiable,85.0,2026-03-10
11c53c98-b8c8-570c-bb3a-2e09478aa89e,a6f1d8c3-6194-5804-ac16-a98cc205559d,236db71b-8c2f-5b0c-8ffa-59647775b61c,27eab39b-d505-5d1f-85ff-615de00b8e9a,METALMECANICA,confiable,75.0,2026-06-04
b9fec50b-b390-5c38-9d3f-56dbc0695717,a6f1d8c3-6194-5804-ac16-a98cc205559d,c6afa872-f027-527e-9f3f-c8d40e97b3ce,27eab39b-d505-5d1f-85ff-615de00b8e9a,"VENTA AL POR MAYOR DE MATERIALES DECONSTRUCCIÓN, ARTÍCULOS DE FERRETERÍA Y EQUIPO YMATERIALES DE FONTANERÍA",confiable,75.0,2026-06-05
de9aad75-50b0-5b55-8533-2b2e93b468bd,a6f1d8c3-6194-5804-ac16-a98cc205559d,d1365a1d-6f51-5268-9ebd-699cbe3c5ef0,27eab39b-d505-5d1f-85ff-615de00b8e9a,MATERIALES,confiable,85.0,2026-07-20
c9607582-f391-534f-ad37-a687c6b52e75,a6f1d8c3-6194-5804-ac16-a98cc205559d,19f2cac7-9fe4-5178-9090-7ee77eb585b8,27eab39b-d505-5d1f-85ff-615de00b8e9a,VENTA AL POR MAYOR DE OTROS ENSERES DOMÉSTICOS,confiable,75.0,2026-03-17
2a3709c3-163c-5405-8672-30d531e07c1e,a6f1d8c3-6194-5804-ac16-a98cc205559d,2f46bbf6-5699-526e-bd7e-64523148ddca,27eab39b-d505-5d1f-85ff-615de00b8e9a,COMERCIO AL POR MAYOR Y MENOR,confiable,75.0,2026-03-26
9c7a75a0-316f-5401-a891-07fa29a0d153,a6f1d8c3-6194-5804-ac16-a98cc205559d,7606996b-2237-547c-b88f-6e98b2f720e9,27eab39b-d505-5d1f-85ff-615de00b8e9a,ALQUILER Y ARRENDAMIENTO DE VEHÍCULOS AUTOMOTORES,confiable,75.0,2026-02-20
ac7c2478-1d87-539f-8da0-3cb1b22a5866,a6f1d8c3-6194-5804-ac16-a98cc205559d,7606996b-2237-547c-b88f-6e98b2f720e9,e49105b2-4b4c-557e-b55d-7a6d977c8a9c,ALQUILER Y ARRENDAMIENTO DE VEHÍCULOS AUTOMOTORES,confiable,75.0,2025-08-24
2238cee2-bfbe-58e9-9f21-aa767b86c461,a6f1d8c3-6194-5804-ac16-a98cc205559d,c228c04a-6f4d-5d0a-8512-781040de0cb3,a18fb552-93f5-58a4-be11-ce3e5274f443,TRANSPORTE DE CARGA POR CARRETERA,confiable,80.0,2025-06-03
65780788-9ed6-568c-a0bf-5e453a090ca7,a6f1d8c3-6194-5804-ac16-a98cc205559d,c228c04a-6f4d-5d0a-8512-781040de0cb3,86ccc685-a2fb-562e-9ac7-debfacbcf12a,TRANSPORTE DE CARGA POR CARRETERA,confiable,80.0,2026-05-29
6d260e52-83cd-5abe-bf69-826b6fdd960a,a6f1d8c3-6194-5804-ac16-a98cc205559d,905df291-333d-5d33-9012-c606c25e0fa5,27eab39b-d505-5d1f-85ff-615de00b8e9a,"VENTA AL POR MAYOR DE MATERIALES DE CONSTRUCCIÓN,
ARTÍCULOS DE FERRETERÍA Y EQUIPO Y MATERIALES DE FONTANERÍA Y
CALEFACCIÓN",confiable,75.0,2026-03-17
151c2821-1224-54e2-900d-b8862dcf6f66,a6f1d8c3-6194-5804-ac16-a98cc205559d,19907606-20da-5ae4-9bca-a708f462629f,27eab39b-d505-5d1f-85ff-615de00b8e9a,SERVICIOS GENERALES,confiable,80.0,2026-05-25
80c31299-fdde-5bbf-8859-ca42d4ab1201,a6f1d8c3-6194-5804-ac16-a98cc205559d,19907606-20da-5ae4-9bca-a708f462629f,6bf4bdda-3739-51f4-be22-48b0e38ea47a,SERVCIOS GENERALES,confiable,80.0,2025-11-26
8c18c47a-6db3-535a-9660-536bc9548e9a,a6f1d8c3-6194-5804-ac16-a98cc205559d,82397bd2-89ef-5fe6-bbe2-629ebea40c9f,27eab39b-d505-5d1f-85ff-615de00b8e9a,MATERIALES DE CONSTRUCCION,confiable,75.0,2026-05-25
4721d0a4-5a02-5555-bc60-4e3cff219b49,a6f1d8c3-6194-5804-ac16-a98cc205559d,f73f622b-0f2d-52aa-bbb5-c9545601321a,27eab39b-d505-5d1f-85ff-615de00b8e9a,VENTA DE REPUESTO PARA MAQUINA E INDUSTRIA,confiable,75.0,2026-05-29
54811781-b96a-5772-bf03-7049ed13e066,a6f1d8c3-6194-5804-ac16-a98cc205559d,3e8c2b12-1472-5afb-90e8-9c14c5271753,27eab39b-d505-5d1f-85ff-615de00b8e9a,REPARACION DE ORDENADORES,confiable,75.0,2026-05-25
89233540-cf71-5c16-9035-1a55b275ec41,a6f1d8c3-6194-5804-ac16-a98cc205559d,3dc9688e-c3e4-5f05-bf81-9d4be663a87f,27eab39b-d505-5d1f-85ff-615de00b8e9a,EQUIPAMIENTO AUTOMOTRIZ PROYECTO,confiable,75.0,2026-06-04
e88f1e2a-a0e4-5762-a1de-176b64de190b,a6f1d8c3-6194-5804-ac16-a98cc205559d,28dd1de8-3b1b-58e7-9fdd-5667fe8e118b,27eab39b-d505-5d1f-85ff-615de00b8e9a,"VENTA AL POR MAYOR DE MATERIALES DE CONSTRUCCIÓN, ARTÍCULOS DE FERRETERÍA Y EQUIPO Y MATERIALES DE FONTANERÍA Y CALEFACCIÓN",confiable,75.0,2026-02-20
b064a67b-a2e6-522f-be51-700953c81f5d,a6f1d8c3-6194-5804-ac16-a98cc205559d,2d6ed2cb-4fea-524b-a9db-a4bfcf1da725,27eab39b-d505-5d1f-85ff-615de00b8e9a,TRANSPORTE DE CARGA POR CARRETERA,confiable,75.0,2026-02-20
318a0eac-97e0-5c3e-a7dd-239ce5a84609,a6f1d8c3-6194-5804-ac16-a98cc205559d,2d6ed2cb-4fea-524b-a9db-a4bfcf1da725,e49105b2-4b4c-557e-b55d-7a6d977c8a9c,TRANSPORTE DE CARGA POR CARRETERA,confiable,75.0,2025-08-24
d11d8d9e-6909-587f-b125-93c190199c78,a6f1d8c3-6194-5804-ac16-a98cc205559d,44deae17-25aa-5301-98a7-273fdce1224f,6bf4bdda-3739-51f4-be22-48b0e38ea47a,Principal - 8010 - ACTIVIDADES DE SEGURIDAD PRIVADA,confiable,75.0,2024-12-05
e35c3cff-4f04-51d4-9e69-548dbea2f136,a6f1d8c3-6194-5804-ac16-a98cc205559d,d0b71032-44b3-532c-abb1-15a49f222f1b,27eab39b-d505-5d1f-85ff-615de00b8e9a,BIDON Y CAJA DE AGUA,confiable,75.0,2026-03-17
c9363c90-929b-53d0-84b0-1f29c5a3d303,a6f1d8c3-6194-5804-ac16-a98cc205559d,3657662c-9c81-578d-bb9b-f2f0bcc4ff81,27eab39b-d505-5d1f-85ff-615de00b8e9a,"VENTA AL POR MAYOR DE EQUIPO, PARTES Y PIEZAS ELECTRÓNICOS Y
DETELECOMUNICACIONES",confiable,90.0,2026-03-11
c262f991-c591-519f-836e-3b91ae488817,a6f1d8c3-6194-5804-ac16-a98cc205559d,276eeb1b-4254-5be0-8f75-2cf52c99e44b,27eab39b-d505-5d1f-85ff-615de00b8e9a,MATERIALES DE CONSTRUCCION,confiable,85.0,2026-05-25
7f49d84b-4114-5ed4-9e50-755ee2eb13c5,a6f1d8c3-6194-5804-ac16-a98cc205559d,c45232c3-f8ae-5761-b80d-aff7068e6d50,27eab39b-d505-5d1f-85ff-615de00b8e9a,MATERIALES DE CONSTRUCCION,confiable,75.0,2026-07-20
e3dc24c8-551e-505d-83b1-b8944c4ba6aa,a6f1d8c3-6194-5804-ac16-a98cc205559d,6b77234c-5b76-5e9d-b941-8d366ad794e9,27eab39b-d505-5d1f-85ff-615de00b8e9a,MATERIALES,confiable,75.0,2026-07-25
fd8e208a-a94a-5937-8cbc-e19dd8b95e73,a6f1d8c3-6194-5804-ac16-a98cc205559d,54487c70-ced4-57b2-9409-1341de8c4036,27eab39b-d505-5d1f-85ff-615de00b8e9a,MATERIALES DE CARTON,confiable,80.0,2026-03-11
2dd43b72-7b0f-52f8-b670-5f5d2eef49b3,a6f1d8c3-6194-5804-ac16-a98cc205559d,600f433a-0d48-5d87-bf77-5892cf97464e,27eab39b-d505-5d1f-85ff-615de00b8e9a,VENTA DE MATERIALES,confiable,85.0,2026-04-21
d42d3c1a-1e8d-5c31-bedb-a9aa0db8da1b,a6f1d8c3-6194-5804-ac16-a98cc205559d,28c88eea-e0c9-5d18-9711-a24553074553,27eab39b-d505-5d1f-85ff-615de00b8e9a,"ALQUILER Y ARRENDAMIENTO DE OTROS TIPOS DE MAQUINARIA, EQUIPO Y BIENES TANGIBLES",confiable,80.0,2026-02-08
ddd1cb15-e0cb-5829-a3af-562aa9b58aa1,a6f1d8c3-6194-5804-ac16-a98cc205559d,28c88eea-e0c9-5d18-9711-a24553074553,58d5cd65-a153-5cb4-b6d6-5ea3c87fdd5f,"ALQUILER Y ARRENDAMIENTO DE OTROS TIPOS DE MAQUINARIA, EQUIPO Y BIENES TANGIBLES",confiable,80.0,2025-08-12
e0c91033-ea95-5a0e-9924-66d9a9839482,a6f1d8c3-6194-5804-ac16-a98cc205559d,28c88eea-e0c9-5d18-9711-a24553074553,86ccc685-a2fb-562e-9ac7-debfacbcf12a,"ALQUILER Y ARRENDAMIENTO DE OTROS TIPOS DE MAQUINARIA,
EQUIPO Y BIENES TANGIBLES",confiable,80.0,2026-08-07
ad84bfe3-9b86-5a58-82a7-b90912ea0af0,a6f1d8c3-6194-5804-ac16-a98cc205559d,749ba267-22b5-5167-a756-ebb390d9952b,27eab39b-d505-5d1f-85ff-615de00b8e9a,"Importadora, distribuidora y comercializadora de productos de cómputo, cámaras de seguridad y servicios",confiable,80.0,2026-03-17
06da9c00-783d-55cd-a43b-7943bbeb6087,a6f1d8c3-6194-5804-ac16-a98cc205559d,70e55dab-02f7-53cb-a4d5-b2b40b214614,27eab39b-d505-5d1f-85ff-615de00b8e9a,FERRETERIA Y FONTANERIA,confiable,80.0,2026-04-08
b7d30df9-e275-5e0e-8456-795b0fa152b2,a6f1d8c3-6194-5804-ac16-a98cc205559d,4269627d-f3a3-5ca8-9335-6f68e638a1a2,6bf4bdda-3739-51f4-be22-48b0e38ea47a,"ALQUILER DE EQUIPOS, CISTERNAS Y EXCAVADORAS SOBRE ORUGAS",confiable,75.0,2026-03-26
7d1cf649-1fbc-59db-a3ac-f325d9f256a6,a6f1d8c3-6194-5804-ac16-a98cc205559d,e314a923-e900-563f-ace8-5403870d8016,a18fb552-93f5-58a4-be11-ce3e5274f443,TRANSPORTE DE CARGA POR CARRETERA,confiable,80.0,2025-06-03
b9e528e0-1904-53a1-ae6b-daef5ea54422,a6f1d8c3-6194-5804-ac16-a98cc205559d,e314a923-e900-563f-ace8-5403870d8016,86ccc685-a2fb-562e-9ac7-debfacbcf12a,TRANSPORTE DE CARGA POR CARRETERA,confiable,80.0,2026-05-29
5469fcd2-3960-51a6-812b-109382051246,a6f1d8c3-6194-5804-ac16-a98cc205559d,623241dc-7787-577c-9574-8c141c6df0c3,27eab39b-d505-5d1f-85ff-615de00b8e9a,AGUA,confiable,85.0,2026-03-11
012a83fc-fafd-5cad-8410-1279faccc846,a6f1d8c3-6194-5804-ac16-a98cc205559d,469a46e6-8066-5be1-aa8f-077b7e57774b,27eab39b-d505-5d1f-85ff-615de00b8e9a,FABRICACIÓN DE MUEBLES,confiable,90.0,2026-03-11
6c678117-a29e-5b81-aea2-662ec4a5866d,a6f1d8c3-6194-5804-ac16-a98cc205559d,7d4de0d2-de3a-5e4e-a478-658458da593a,27eab39b-d505-5d1f-85ff-615de00b8e9a,ALQUILER Y ARRENDAMIENTO DE OTROS TIPOS DE MAQUINARIA,confiable,80.0,2026-02-20
bd557bfc-b085-5eba-adc7-02538a445fd7,a6f1d8c3-6194-5804-ac16-a98cc205559d,7d4de0d2-de3a-5e4e-a478-658458da593a,6bf4bdda-3739-51f4-be22-48b0e38ea47a,"ALQUILER Y ARRENDAMIENTO DE OTROS TIPOS DE MAQUINARIA, EQUIPO Y BIENES TANGIBLES",confiable,80.0,2025-08-24
104c76af-5bfc-5022-afe4-a8fcc76e37f0,a6f1d8c3-6194-5804-ac16-a98cc205559d,117a4c71-0136-5d4c-bab7-09145c966801,27eab39b-d505-5d1f-85ff-615de00b8e9a,VENTA AL POR MAYOR DE OTROS ENSERES DOMÉSTICOS,confiable,75.0,2026-06-04
69e4dde5-dba6-526d-94e9-a3d826e50eff,a6f1d8c3-6194-5804-ac16-a98cc205559d,49535dad-461a-5fb5-be44-18a75e874a59,27eab39b-d505-5d1f-85ff-615de00b8e9a,4690 - VENTA AL POR MAYOR NO ESPECIALIZADA,confiable,75.0,2026-05-25
8230128e-d2f2-5538-996e-204a7ecaa887,a6f1d8c3-6194-5804-ac16-a98cc205559d,6eeed7cb-ce78-5b4b-8ea3-719d391dd7cf,27eab39b-d505-5d1f-85ff-615de00b8e9a,CONSTRUCCIÓN DE CARRETERAS Y VÍAS DE FERROCARRIL,confiable,75.0,2026-03-26
2cc03fbb-42d3-5be7-a562-fc6dd4eb924a,a6f1d8c3-6194-5804-ac16-a98cc205559d,6eeed7cb-ce78-5b4b-8ea3-719d391dd7cf,6bf4bdda-3739-51f4-be22-48b0e38ea47a,CONSTRUCCIÓN DE CARRETERAS Y VÍAS DE FERROCARRIL,confiable,75.0,2025-09-27
cc293458-838a-5ada-92e6-35fddad0ad76,a6f1d8c3-6194-5804-ac16-a98cc205559d,8b69da25-f46c-535d-8753-0b8784ebd0c7,27eab39b-d505-5d1f-85ff-615de00b8e9a,ALQUILER Y ARRENDAMIENTO DE OTRO,confiable,75.0,2026-04-08
d909b377-212c-5397-8757-aa5c028c6fb3,a6f1d8c3-6194-5804-ac16-a98cc205559d,8b69da25-f46c-535d-8753-0b8784ebd0c7,6bf4bdda-3739-51f4-be22-48b0e38ea47a,ALQUILER Y ARRENDAMIENTO DE OTRO,confiable,75.0,2025-10-10
ffd95493-d647-53f6-b9dc-2bc56e2829dd,a6f1d8c3-6194-5804-ac16-a98cc205559d,d4d595cc-3637-5b2f-aa08-7ff8047a79a5,27eab39b-d505-5d1f-85ff-615de00b8e9a,MATERIALES,confiable,75.0,2026-07-20
d265d9a3-8fca-545d-a801-3805360f34d3,a6f1d8c3-6194-5804-ac16-a98cc205559d,e72e7129-634f-5400-87f3-6833d859c746,27eab39b-d505-5d1f-85ff-615de00b8e9a,ALQUILER DE MAQUINARIA PESADA,confiable,80.0,2026-03-10
d1873603-b7a2-5dc1-88d2-17e3d2d9b8cc,a6f1d8c3-6194-5804-ac16-a98cc205559d,e72e7129-634f-5400-87f3-6833d859c746,6bf4bdda-3739-51f4-be22-48b0e38ea47a,ALQUILER DE MAQUINARIA PESADA,confiable,80.0,2025-09-11
600b699a-4eb6-552f-bc3f-40ec531dfba2,a6f1d8c3-6194-5804-ac16-a98cc205559d,dd243027-2d07-5966-acf5-795cabf1c32b,27eab39b-d505-5d1f-85ff-615de00b8e9a,CONSTRUCCIÓN DE OTRAS OBRAS DE INGENIERÍA CIVIL,confiable,80.0,2026-03-17
2eabf8d4-a07d-54a3-9ba2-1c4da135d0c9,a6f1d8c3-6194-5804-ac16-a98cc205559d,64fe3f38-ea4d-5cc3-9da0-07792554887e,27eab39b-d505-5d1f-85ff-615de00b8e9a,"DISTRIBUCIOÓN DE EQUIPOS TECNOLOGICOS , SUMINISTROS, ACCESORIOS",confiable,75.0,2026-03-30
42665436-bb38-547b-8b14-975ae175ff1b,a6f1d8c3-6194-5804-ac16-a98cc205559d,8ab89512-a953-5d0c-aaab-347be8e8005b,27eab39b-d505-5d1f-85ff-615de00b8e9a,COMERCIALIZACION DE EQUIPOS,confiable,75.0,2026-06-04
81ba34c1-77bd-576f-9579-e337036747e4,a6f1d8c3-6194-5804-ac16-a98cc205559d,1e886e34-a8a9-5657-bc62-f25e495a0431,27eab39b-d505-5d1f-85ff-615de00b8e9a,Principal - 8010 - ACTIVIDADES DE SEGURIDAD PRIVADA,confiable,75.0,2026-05-29
0b885521-31f8-5639-b94d-0a7753fde2f1,a6f1d8c3-6194-5804-ac16-a98cc205559d,1e886e34-a8a9-5657-bc62-f25e495a0431,a5c7f0fc-bfc1-5204-80e3-1f613382edd3,Principal - 8010 - ACTIVIDADES DE SEGURIDAD PRIVADA,confiable,75.0,2025-11-30
