id,empresa_id,proveedor_categoria_id,matriz_id,proyecto_id,codigo,proceso,fecha,nota,calificacion,observacion,estado
07e564cb-9da8-51b4-8b7b-a7b4cd661187,a6f1d8c3-6194-5804-ac16-a98cc205559d,06da9c00-783d-55cd-a43b-7943bbeb6087,5779e150-82ca-52bb-8a95-0d09eb2d93b5,ac5d6441-8769-529d-b6ea-832b1aed65fa,25.04.13-E-20609030420,evaluacion,2025-04-13,80.0,confiable,EVALUADO,completada
da7d213f-4982-596c-8f61-7aee93798263,a6f1d8c3-6194-5804-ac16-a98cc205559d,e0c91033-ea95-5a0e-9924-66d9a9839482,5779e150-82ca-52bb-8a95-0d09eb2d93b5,521c5f2b-a6fb-5add-ae44-913752a27cde,26.02.08-E-20608379011,evaluacion,2026-02-08,80.0,confiable,,completada
f9bd341f-a3f9-5186-b21a-92269f4adc6f,a6f1d8c3-6194-5804-ac16-a98cc205559d,2d7935ba-4ebf-5870-bf28-bca837d6e443,5779e150-82ca-52bb-8a95-0d09eb2d93b5,521c5f2b-a6fb-5add-ae44-913752a27cde,26.02.08-E-20522347869,evaluacion,2026-02-08,75.0,confiable,,completada
19423b8d-f697-5596-be2b-64a2a821f8fb,a6f1d8c3-6194-5804-ac16-a98cc205559d,84d467ce-3cc6-5a29-806f-f01237dfd127,5779e150-82ca-52bb-8a95-0d09eb2d93b5,521c5f2b-a6fb-5add-ae44-913752a27cde,26.02.08-E-20601217440,evaluacion,2026-02-08,80.0,confiable,,completada
9209c462-4b2e-5033-8a8f-403a8953d306,a6f1d8c3-6194-5804-ac16-a98cc205559d,99eadeb9-da50-5714-9013-edf0444cde75,5779e150-82ca-52bb-8a95-0d09eb2d93b5,5233abd8-7ec4-595a-b65c-3694e9741f19,26.01.26-E-20600585658,evaluacion,2026-01-26,75.0,confiable,,completada
c1be5fd2-a4c8-5f01-94b0-b9cc07966d89,a6f1d8c3-6194-5804-ac16-a98cc205559d,e3dc24c8-551e-505d-83b1-b8944c4ba6aa,5779e150-82ca-52bb-8a95-0d09eb2d93b5,5233abd8-7ec4-595a-b65c-3694e9741f19,26.01.26-E-20606657235,evaluacion,2026-01-26,75.0,confiable,,completada
eff4ba10-2c35-5d83-827f-f90d3d063854,a6f1d8c3-6194-5804-ac16-a98cc205559d,a400dde0-76c9-5777-b331-206b8712d500,5779e150-82ca-52bb-8a95-0d09eb2d93b5,521c5f2b-a6fb-5add-ae44-913752a27cde,26.01.21-E-20601334497,evaluacion,2026-01-21,75.0,confiable,,completada
37e80b88-e7b9-5a9c-af49-b880ea165237,a6f1d8c3-6194-5804-ac16-a98cc205559d,de9aad75-50b0-5b55-8533-2b2e93b468bd,5779e150-82ca-52bb-8a95-0d09eb2d93b5,521c5f2b-a6fb-5add-ae44-913752a27cde,26.01.21-E-20603039531,evaluacion,2026-01-21,85.0,confiable,,completada
955c1faa-5006-5ff2-bbe1-cc657ca8603f,a6f1d8c3-6194-5804-ac16-a98cc205559d,ffd95493-d647-53f6-b9dc-2bc56e2829dd,5779e150-82ca-52bb-8a95-0d09eb2d93b5,521c5f2b-a6fb-5add-ae44-913752a27cde,26.01.21-E-20611155671,evaluacion,2026-01-21,75.0,confiable,,completada
cac712cd-7c70-5149-be12-da6306bdf55a,a6f1d8c3-6194-5804-ac16-a98cc205559d,7f49d84b-4114-5ed4-9e50-755ee2eb13c5,5779e150-82ca-52bb-8a95-0d09eb2d93b5,521c5f2b-a6fb-5add-ae44-913752a27cde,26.01.21-E-20606208554,evaluacion,2026-01-21,75.0,confiable,,completada
bb329a03-115b-52d4-bb55-f868b559faec,a6f1d8c3-6194-5804-ac16-a98cc205559d,9e7c6407-eea9-5e6c-91c5-acb89f0515c8,5779e150-82ca-52bb-8a95-0d09eb2d93b5,521c5f2b-a6fb-5add-ae44-913752a27cde,26.01.01-E-20601692393,evaluacion,2026-01-01,75.0,confiable,,completada
0a953869-5d04-5f91-8693-f9338bc8388e,a6f1d8c3-6194-5804-ac16-a98cc205559d,c55d5bda-f055-580e-b800-8c718c146baa,5779e150-82ca-52bb-8a95-0d09eb2d93b5,521c5f2b-a6fb-5add-ae44-913752a27cde,25.12.06-E-20258352638,evaluacion,2025-12-06,75.0,confiable,,completada
a3690928-9bc3-523e-a649-f33f5b699169,a6f1d8c3-6194-5804-ac16-a98cc205559d,42665436-bb38-547b-8b14-975ae175ff1b,5779e150-82ca-52bb-8a95-0d09eb2d93b5,521c5f2b-a6fb-5add-ae44-913752a27cde,25.12.06-E-20613896024,evaluacion,2025-12-06,75.0,confiable,,completada
81bb4925-00cd-53b5-91e3-689c0b24f45b,a6f1d8c3-6194-5804-ac16-a98cc205559d,104c76af-5bfc-5022-afe4-a8fcc76e37f0,5779e150-82ca-52bb-8a95-0d09eb2d93b5,521c5f2b-a6fb-5add-ae44-913752a27cde,25.12.06-E-20610754407,evaluacion,2025-12-06,75.0,confiable,,completada
a52d1372-1a90-5662-ab10-6251115973c9,a6f1d8c3-6194-5804-ac16-a98cc205559d,11c53c98-b8c8-570c-bb3a-2e09478aa89e,5779e150-82ca-52bb-8a95-0d09eb2d93b5,521c5f2b-a6fb-5add-ae44-913752a27cde,25.12.06-E-20602541208,evaluacion,2025-12-06,75.0,confiable,,completada
c35b8210-d9cd-5a86-8bcb-c9d0619ca959,a6f1d8c3-6194-5804-ac16-a98cc205559d,89233540-cf71-5c16-9035-1a55b275ec41,5779e150-82ca-52bb-8a95-0d09eb2d93b5,521c5f2b-a6fb-5add-ae44-913752a27cde,25.12.06-E-20605042903,evaluacion,2025-12-06,75.0,confiable,,completada
04cb5963-c63a-5a7d-8941-84fc28812cb8,a6f1d8c3-6194-5804-ac16-a98cc205559d,b9fec50b-b390-5c38-9d3f-56dbc0695717,5779e150-82ca-52bb-8a95-0d09eb2d93b5,521c5f2b-a6fb-5add-ae44-913752a27cde,25.12.07-E-20602877796,evaluacion,2025-12-07,75.0,confiable,,completada
947d5b75-ded0-5383-8189-b7a56535eaf8,a6f1d8c3-6194-5804-ac16-a98cc205559d,09df1401-923c-5c1c-a0fc-c8b984123aa4,5779e150-82ca-52bb-8a95-0d09eb2d93b5,521c5f2b-a6fb-5add-ae44-913752a27cde,25.12.12-E-20144304315,evaluacion,2025-12-12,35.0,medianamente_confiable,,completada
dd016374-dde8-5bb3-8a58-386348d41860,a6f1d8c3-6194-5804-ac16-a98cc205559d,d5a8361a-e234-5038-ad1b-42c3abc8f6bc,5779e150-82ca-52bb-8a95-0d09eb2d93b5,521c5f2b-a6fb-5add-ae44-913752a27cde,25.12.03-E-20536689096,evaluacion,2025-12-03,75.0,confiable,,completada
fb3bd713-e3c5-5899-ba50-5766bc3f4fa6,a6f1d8c3-6194-5804-ac16-a98cc205559d,178ad169-e394-5ef4-9878-5a1700e92f81,5779e150-82ca-52bb-8a95-0d09eb2d93b5,521c5f2b-a6fb-5add-ae44-913752a27cde,25.11.30-E-20101156631,evaluacion,2025-11-30,80.0,confiable,,completada
3260c963-bb32-5ce4-89cf-7c6abb459883,a6f1d8c3-6194-5804-ac16-a98cc205559d,4721d0a4-5a02-5555-bc60-4e3cff219b49,5779e150-82ca-52bb-8a95-0d09eb2d93b5,521c5f2b-a6fb-5add-ae44-913752a27cde,25.11.30-E-20604995486,evaluacion,2025-11-30,75.0,confiable,,completada
da631d5d-bcb1-5d4c-9ec4-87ac2415b153,a6f1d8c3-6194-5804-ac16-a98cc205559d,4e442b67-3edb-5b46-9b03-a0feb683f594,5779e150-82ca-52bb-8a95-0d09eb2d93b5,521c5f2b-a6fb-5add-ae44-913752a27cde,25.11.30-E-10040074444,evaluacion,2025-11-30,80.0,confiable,,completada
21093ac7-9a6c-5436-a193-c1ad92ab3a2c,a6f1d8c3-6194-5804-ac16-a98cc205559d,65780788-9ed6-568c-a0bf-5e453a090ca7,5779e150-82ca-52bb-8a95-0d09eb2d93b5,521c5f2b-a6fb-5add-ae44-913752a27cde,25.11.30-E-20603826974,evaluacion,2025-11-30,80.0,confiable,,completada
ca8853d9-f892-5f34-bf18-70ed189b9ad0,a6f1d8c3-6194-5804-ac16-a98cc205559d,b9e528e0-1904-53a1-ae6b-daef5ea54422,5779e150-82ca-52bb-8a95-0d09eb2d93b5,521c5f2b-a6fb-5add-ae44-913752a27cde,25.11.30-E-20609509997,evaluacion,2025-11-30,80.0,confiable,,completada
feffd3a3-59de-5583-9877-cd0256339cad,a6f1d8c3-6194-5804-ac16-a98cc205559d,5e2dcb78-ca11-5d19-9cfc-a5d10c118574,5779e150-82ca-52bb-8a95-0d09eb2d93b5,521c5f2b-a6fb-5add-ae44-913752a27cde,25.11.30-E-10211220185,evaluacion,2025-11-30,80.0,confiable,,completada
fa344085-961f-5eb3-8a6f-0f94a9bbc5fc,a6f1d8c3-6194-5804-ac16-a98cc205559d,3879794b-cb0a-5bb7-91b6-19f1092174b7,5779e150-82ca-52bb-8a95-0d09eb2d93b5,521c5f2b-a6fb-5add-ae44-913752a27cde,25.11.30-E-20538027961,evaluacion,2025-11-30,80.0,confiable,,completada
a13b6b92-b1b3-54d9-867d-682278503486,a6f1d8c3-6194-5804-ac16-a98cc205559d,54811781-b96a-5772-bf03-7049ed13e066,5779e150-82ca-52bb-8a95-0d09eb2d93b5,521c5f2b-a6fb-5add-ae44-913752a27cde,25.11.26-E-20605026321,evaluacion,2025-11-26,75.0,confiable,,completada
43d149eb-f11b-5ca5-9107-b960c20eb626,a6f1d8c3-6194-5804-ac16-a98cc205559d,f10ffe15-cff0-5bd4-a41c-caa7f0653c9b,5779e150-82ca-52bb-8a95-0d09eb2d93b5,521c5f2b-a6fb-5add-ae44-913752a27cde,25.11.26-E-20512899511,evaluacion,2025-11-26,80.0,confiable,,completada
412f09ca-a290-5154-861d-2c7bbec066fe,a6f1d8c3-6194-5804-ac16-a98cc205559d,d272531f-4069-53cd-917f-b997363dca7b,5779e150-82ca-52bb-8a95-0d09eb2d93b5,521c5f2b-a6fb-5add-ae44-913752a27cde,25.11.26-E-20604471711,evaluacion,2025-11-26,80.0,confiable,,completada
6dbf9271-9a71-5c6d-9dcc-31259d00be92,a6f1d8c3-6194-5804-ac16-a98cc205559d,151c2821-1224-54e2-900d-b8862dcf6f66,5779e150-82ca-52bb-8a95-0d09eb2d93b5,521c5f2b-a6fb-5add-ae44-913752a27cde,25.11.26-E-20604471711-2,evaluacion,2025-11-26,80.0,confiable,,completada
6da7afab-815d-52a2-959f-923054a18ee0,a6f1d8c3-6194-5804-ac16-a98cc205559d,c262f991-c591-519f-836e-3b91ae488817,5779e150-82ca-52bb-8a95-0d09eb2d93b5,521c5f2b-a6fb-5add-ae44-913752a27cde,25.11.26-E-20606130199,evaluacion,2025-11-26,85.0,confiable,,completada
708dfe38-ada9-5318-b619-5faaf535ff47,a6f1d8c3-6194-5804-ac16-a98cc205559d,dec988ff-b416-53c9-a666-f6a5fde83db4,5779e150-82ca-52bb-8a95-0d09eb2d93b5,521c5f2b-a6fb-5add-ae44-913752a27cde,25.11.26-E-20602331084,evaluacion,2025-11-26,80.0,confiable,,completada
951b2f0b-7cf0-55c4-81ba-5d212e884af8,a6f1d8c3-6194-5804-ac16-a98cc205559d,8a51d741-4e23-504c-8dc1-ed7494e6e2a2,5779e150-82ca-52bb-8a95-0d09eb2d93b5,521c5f2b-a6fb-5add-ae44-913752a27cde,25.11.26-E-20601007186,evaluacion,2025-11-26,80.0,confiable,,completada
409efc93-70d8-59dc-9bba-97609c99648f,a6f1d8c3-6194-5804-ac16-a98cc205559d,8c18c47a-6db3-535a-9660-536bc9548e9a,5779e150-82ca-52bb-8a95-0d09eb2d93b5,521c5f2b-a6fb-5add-ae44-913752a27cde,25.11.26-E-20604496838,evaluacion,2025-11-26,75.0,confiable,,completada
d15537bc-aa72-51c5-a79a-e3181f3b67c7,a6f1d8c3-6194-5804-ac16-a98cc205559d,50055674-c01b-5b40-9c5e-72821792b7ee,5779e150-82ca-52bb-8a95-0d09eb2d93b5,521c5f2b-a6fb-5add-ae44-913752a27cde,25.11.26-E-20601636086,evaluacion,2025-11-26,75.0,confiable,,completada
3537e386-1384-5df7-8e33-7e0740fee38c,a6f1d8c3-6194-5804-ac16-a98cc205559d,69e4dde5-dba6-526d-94e9-a3d826e50eff,5779e150-82ca-52bb-8a95-0d09eb2d93b5,521c5f2b-a6fb-5add-ae44-913752a27cde,25.11.26-E-20610988114,evaluacion,2025-11-26,75.0,confiable,,completada
d2ed9fbd-d646-5bc3-bdab-bcd35127d98e,a6f1d8c3-6194-5804-ac16-a98cc205559d,bc6d643b-0d38-501b-bde9-9a84b5d07a2e,5779e150-82ca-52bb-8a95-0d09eb2d93b5,521c5f2b-a6fb-5add-ae44-913752a27cde,25.11.26-E-20537321190,evaluacion,2025-11-26,75.0,confiable,,completada
e63577cc-b42f-5005-90df-c594072c0eaa,a6f1d8c3-6194-5804-ac16-a98cc205559d,ab227ed6-c9e8-5f96-b95b-ef14c6415f70,5779e150-82ca-52bb-8a95-0d09eb2d93b5,521c5f2b-a6fb-5add-ae44-913752a27cde,25.11.26-E-20512255541,evaluacion,2025-11-26,75.0,confiable,,completada
2c3d37c8-891f-561c-b16d-fcf2db02ed8c,a6f1d8c3-6194-5804-ac16-a98cc205559d,d7a3920b-650b-5392-ae34-008dc7f40a96,5779e150-82ca-52bb-8a95-0d09eb2d93b5,521c5f2b-a6fb-5add-ae44-913752a27cde,25.11.26-E-10451426121,evaluacion,2025-11-26,80.0,confiable,,completada
4f5297d3-54bf-530d-beda-3c5f5c6c6896,a6f1d8c3-6194-5804-ac16-a98cc205559d,81ba34c1-77bd-576f-9579-e337036747e4,5779e150-82ca-52bb-8a95-0d09eb2d93b5,521c5f2b-a6fb-5add-ae44-913752a27cde,25.11.30-E-20614130009,evaluacion,2025-11-30,75.0,confiable,,completada
7a6b13a2-ea98-5274-ac86-8753a0735f78,a6f1d8c3-6194-5804-ac16-a98cc205559d,6c7e56fe-0e05-5ec1-8786-44328003f521,5779e150-82ca-52bb-8a95-0d09eb2d93b5,521c5f2b-a6fb-5add-ae44-913752a27cde,25.11.22-E-20261239923,evaluacion,2025-11-22,75.0,confiable,,completada
b919e4f1-2056-578b-80f4-f429f516af73,a6f1d8c3-6194-5804-ac16-a98cc205559d,54cde019-6774-5b40-a222-e29911fe2324,5779e150-82ca-52bb-8a95-0d09eb2d93b5,521c5f2b-a6fb-5add-ae44-913752a27cde,25.11.15-E-20600478509,evaluacion,2025-11-15,75.0,confiable,,completada
ff150a6e-8f3b-5d0e-ab4d-b24826c46071,a6f1d8c3-6194-5804-ac16-a98cc205559d,5e52fd11-c8e7-565c-8fad-85888f5b1a3c,5779e150-82ca-52bb-8a95-0d09eb2d93b5,6f811197-a8f6-5a82-88f4-8dff77299da9,25.11.13-E-20535101320,evaluacion,2025-11-13,75.0,confiable,,completada
b61f5ccc-5153-555d-8bef-f4b68d390bfe,a6f1d8c3-6194-5804-ac16-a98cc205559d,8bbeedf2-b172-564f-87a3-62ca3c05235c,5779e150-82ca-52bb-8a95-0d09eb2d93b5,521c5f2b-a6fb-5add-ae44-913752a27cde,25.11.07-E-20602253687,evaluacion,2025-11-07,75.0,confiable,,completada
8094b868-37e8-5892-b481-b135388525a9,a6f1d8c3-6194-5804-ac16-a98cc205559d,594ada44-106c-5490-b5da-42730ea768c2,5779e150-82ca-52bb-8a95-0d09eb2d93b5,521c5f2b-a6fb-5add-ae44-913752a27cde,25.11.07-E-20601484995,evaluacion,2025-11-07,75.0,confiable,,completada
37f1265f-a8a0-566b-be5c-15bfe77b88f5,a6f1d8c3-6194-5804-ac16-a98cc205559d,40a04e57-ef08-5f62-8c19-fdfebc203a4c,5779e150-82ca-52bb-8a95-0d09eb2d93b5,521c5f2b-a6fb-5add-ae44-913752a27cde,25.10.30-E-10421077229,evaluacion,2025-10-30,80.0,confiable,,completada
23ea1b98-31e9-59b0-8a7e-b7d68b250907,a6f1d8c3-6194-5804-ac16-a98cc205559d,ab21540c-76d2-5eed-a0ff-012e60d13cbb,5779e150-82ca-52bb-8a95-0d09eb2d93b5,6f811197-a8f6-5a82-88f4-8dff77299da9,25.10.30-E-10462433951,evaluacion,2025-10-30,80.0,confiable,,completada
c2b7215f-9f03-52d8-9e59-d08e792b2ecb,a6f1d8c3-6194-5804-ac16-a98cc205559d,7ce9ba67-803d-589a-b89b-112b1959e709,5779e150-82ca-52bb-8a95-0d09eb2d93b5,6f811197-a8f6-5a82-88f4-8dff77299da9,25.10.30-E-20544739230,evaluacion,2025-10-30,80.0,confiable,,completada
f992b678-d75c-5a3b-8166-b6381792b23f,a6f1d8c3-6194-5804-ac16-a98cc205559d,63572bc5-01d3-5f00-9a31-33daaa89c02c,5779e150-82ca-52bb-8a95-0d09eb2d93b5,6f811197-a8f6-5a82-88f4-8dff77299da9,25.10.30-E-20565620011,evaluacion,2025-10-30,80.0,confiable,,completada
67528f3f-632a-5682-b7f2-ca54e03ba188,a6f1d8c3-6194-5804-ac16-a98cc205559d,31d9579d-b37a-5ab9-81fe-a70eb9371763,5779e150-82ca-52bb-8a95-0d09eb2d93b5,6f811197-a8f6-5a82-88f4-8dff77299da9,25.10.23-E-10214448195,evaluacion,2025-10-23,85.0,confiable,,completada
848557eb-edba-529a-8cf7-054cae2f7172,a6f1d8c3-6194-5804-ac16-a98cc205559d,2dd43b72-7b0f-52f8-b670-5f5d2eef49b3,5779e150-82ca-52bb-8a95-0d09eb2d93b5,521c5f2b-a6fb-5add-ae44-913752a27cde,25.10.23-E-20608228447,evaluacion,2025-10-23,85.0,confiable,,completada
186f1103-5755-5336-890f-8c57c94097ba,a6f1d8c3-6194-5804-ac16-a98cc205559d,2eabf8d4-a07d-54a3-9ba2-1c4da135d0c9,5779e150-82ca-52bb-8a95-0d09eb2d93b5,521c5f2b-a6fb-5add-ae44-913752a27cde,25.10.01-E-20613296981,evaluacion,2025-10-01,75.0,confiable,,completada
301244cf-a1de-5b0d-81a3-e8d76fa500bb,a6f1d8c3-6194-5804-ac16-a98cc205559d,a9d3bcf9-b378-5a58-a9e4-d2c83697edc9,5779e150-82ca-52bb-8a95-0d09eb2d93b5,521c5f2b-a6fb-5add-ae44-913752a27cde,25.10.01-E-10078453864,evaluacion,2025-10-01,85.0,confiable,,completada
e7300a98-5f72-5bd9-82cb-c0b6bfcf42a6,a6f1d8c3-6194-5804-ac16-a98cc205559d,e195bb7d-9d38-518e-9a55-d61c8b5b3f43,5779e150-82ca-52bb-8a95-0d09eb2d93b5,521c5f2b-a6fb-5add-ae44-913752a27cde,25.10.01-E-20510984553,evaluacion,2025-10-01,75.0,confiable,,completada
99b30a37-8fe9-57ee-8380-ae43822f5418,a6f1d8c3-6194-5804-ac16-a98cc205559d,2d396415-7c71-5c75-8bac-3c8c184e24bc,5779e150-82ca-52bb-8a95-0d09eb2d93b5,521c5f2b-a6fb-5add-ae44-913752a27cde,25.10.10-E-20601677556,evaluacion,2025-10-10,75.0,confiable,,completada
8ff8ead3-3b13-591a-935f-5a023070fbd4,a6f1d8c3-6194-5804-ac16-a98cc205559d,b2fbdfed-b2d8-5b32-8d51-bcec7361df8b,5779e150-82ca-52bb-8a95-0d09eb2d93b5,5233abd8-7ec4-595a-b65c-3694e9741f19,25.10.10-E-20452587182,evaluacion,2025-10-10,75.0,confiable,,completada
a6a71dc4-ebc9-5d0d-ab38-fe4ed925b434,a6f1d8c3-6194-5804-ac16-a98cc205559d,521abf56-a124-51e2-859f-fba5069475f7,5779e150-82ca-52bb-8a95-0d09eb2d93b5,6f811197-a8f6-5a82-88f4-8dff77299da9,25.10.10-E-20535793612,evaluacion,2025-10-10,80.0,confiable,,completada
8c4923ff-1037-5b8b-9617-b4f2b900e78c,a6f1d8c3-6194-5804-ac16-a98cc205559d,25ba258d-74f2-5917-99e0-613c6347b57a,5779e150-82ca-52bb-8a95-0d09eb2d93b5,6f811197-a8f6-5a82-88f4-8dff77299da9,25.10.10-E-20600516966,evaluacion,2025-10-10,75.0,confiable,,completada
4897ba46-1cc1-5679-ad9f-356adbc0685c,a6f1d8c3-6194-5804-ac16-a98cc205559d,a0fef741-496a-53e4-9b31-8b41ded9edd7,5779e150-82ca-52bb-8a95-0d09eb2d93b5,6f811197-a8f6-5a82-88f4-8dff77299da9,25.10.10-E-20602413901,evaluacion,2025-10-10,75.0,confiable,,completada
eb4ca848-b07f-5021-ab81-e795f4f38b79,a6f1d8c3-6194-5804-ac16-a98cc205559d,cc293458-838a-5ada-92e6-35fddad0ad76,5779e150-82ca-52bb-8a95-0d09eb2d93b5,6f811197-a8f6-5a82-88f4-8dff77299da9,25.10.10-E-20611155612,evaluacion,2025-10-10,75.0,confiable,,completada
4da20f6d-531f-52e6-b076-c027baf6fe87,a6f1d8c3-6194-5804-ac16-a98cc205559d,600b699a-4eb6-552f-bc3f-40ec531dfba2,5779e150-82ca-52bb-8a95-0d09eb2d93b5,521c5f2b-a6fb-5add-ae44-913752a27cde,25.09.18-E-20612335509,evaluacion,2025-09-18,80.0,confiable,NUEVO,completada
c37f2bf3-cbf2-5825-8a0c-f3d1cc7c10fe,a6f1d8c3-6194-5804-ac16-a98cc205559d,c9607582-f391-534f-ad37-a687c6b52e75,5779e150-82ca-52bb-8a95-0d09eb2d93b5,521c5f2b-a6fb-5add-ae44-913752a27cde,25.09.18-E-20603223803,evaluacion,2025-09-18,75.0,confiable,NUEVO,completada
b678623a-ecc2-5974-bfa6-fab365386d5f,a6f1d8c3-6194-5804-ac16-a98cc205559d,ad84bfe3-9b86-5a58-82a7-b90912ea0af0,5779e150-82ca-52bb-8a95-0d09eb2d93b5,521c5f2b-a6fb-5add-ae44-913752a27cde,25.09.18-E-20608998871,evaluacion,2025-09-18,80.0,confiable,NUEVO,completada
2acd428c-de36-587a-a719-c8edd10587de,a6f1d8c3-6194-5804-ac16-a98cc205559d,0b37ce52-1d45-5140-9087-8a602b3c1ed1,5779e150-82ca-52bb-8a95-0d09eb2d93b5,521c5f2b-a6fb-5add-ae44-913752a27cde,25.09.18-E-20294866117,evaluacion,2025-09-18,80.0,confiable,NUEVO,completada
65741abe-b518-5472-adb5-08462dc868dc,a6f1d8c3-6194-5804-ac16-a98cc205559d,06da9c00-783d-55cd-a43b-7943bbeb6087,5779e150-82ca-52bb-8a95-0d09eb2d93b5,521c5f2b-a6fb-5add-ae44-913752a27cde,25.10.10-E-20609030420,evaluacion,2025-10-10,80.0,confiable,,completada
9713ccee-db2e-58d7-a804-43f2316c2978,a6f1d8c3-6194-5804-ac16-a98cc205559d,8230128e-d2f2-5538-996e-204a7ecaa887,5779e150-82ca-52bb-8a95-0d09eb2d93b5,521c5f2b-a6fb-5add-ae44-913752a27cde,25.09.27-E-20611031999,evaluacion,2025-09-27,75.0,confiable,,completada
335ad6ff-698a-5510-a85a-4ccac7723652,a6f1d8c3-6194-5804-ac16-a98cc205559d,6d260e52-83cd-5abe-bf69-826b6fdd960a,5779e150-82ca-52bb-8a95-0d09eb2d93b5,521c5f2b-a6fb-5add-ae44-913752a27cde,25.09.18-E-20603900279,evaluacion,2025-09-18,75.0,confiable,NUEVO,completada
7beb8d9c-7461-5524-8656-096c48d5ed41,a6f1d8c3-6194-5804-ac16-a98cc205559d,b9fec50b-b390-5c38-9d3f-56dbc0695717,5779e150-82ca-52bb-8a95-0d09eb2d93b5,521c5f2b-a6fb-5add-ae44-913752a27cde,25.06.10-E-20602877796,evaluacion,2025-06-10,75.0,confiable,EVALUADO,completada
37afd47c-c323-5cdb-9eec-11016b2cdfc9,a6f1d8c3-6194-5804-ac16-a98cc205559d,b9fec50b-b390-5c38-9d3f-56dbc0695717,5779e150-82ca-52bb-8a95-0d09eb2d93b5,521c5f2b-a6fb-5add-ae44-913752a27cde,24.12.12-E-20602877796,evaluacion,2024-12-12,75.0,confiable,EVALUADO,completada
42044ab3-7e5a-55bd-8aba-132a39ed6cae,a6f1d8c3-6194-5804-ac16-a98cc205559d,2dd43b72-7b0f-52f8-b670-5f5d2eef49b3,5779e150-82ca-52bb-8a95-0d09eb2d93b5,521c5f2b-a6fb-5add-ae44-913752a27cde,25.04.26-E-20608228447,evaluacion,2025-04-26,85.0,confiable,EVALUADO,completada
a5a767c2-41be-58d4-ac25-25bbcc5ecbad,a6f1d8c3-6194-5804-ac16-a98cc205559d,31d9579d-b37a-5ab9-81fe-a70eb9371763,5779e150-82ca-52bb-8a95-0d09eb2d93b5,6f811197-a8f6-5a82-88f4-8dff77299da9,25.04.26-E-10214448195,evaluacion,2025-04-26,85.0,confiable,EVALUADO,completada
f7ffc06e-251b-555f-9931-074f0ca95758,a6f1d8c3-6194-5804-ac16-a98cc205559d,d909b377-212c-5397-8757-aa5c028c6fb3,5779e150-82ca-52bb-8a95-0d09eb2d93b5,6f811197-a8f6-5a82-88f4-8dff77299da9,25.04.13-E-20611155612,evaluacion,2025-04-13,75.0,confiable,EVALUADO,completada
ecab9fc3-fcc1-5e00-8f9a-b69c5873d629,a6f1d8c3-6194-5804-ac16-a98cc205559d,95681b3e-500b-5fd6-9751-404adf9d432a,5779e150-82ca-52bb-8a95-0d09eb2d93b5,6f811197-a8f6-5a82-88f4-8dff77299da9,25.04.13-E-20602413901,evaluacion,2025-04-13,75.0,confiable,EVALUADO,completada
ce049545-117c-51e9-af32-a1dea0a23101,a6f1d8c3-6194-5804-ac16-a98cc205559d,25ba258d-74f2-5917-99e0-613c6347b57a,5779e150-82ca-52bb-8a95-0d09eb2d93b5,6f811197-a8f6-5a82-88f4-8dff77299da9,24.04.13-E-20600516966,evaluacion,2025-04-13,75.0,confiable,EVALUADO,completada
ea461f49-05ec-54a3-9c13-ca8ba1f2e244,a6f1d8c3-6194-5804-ac16-a98cc205559d,02527481-7e2d-59fd-b128-c63ac069990d,5779e150-82ca-52bb-8a95-0d09eb2d93b5,6f811197-a8f6-5a82-88f4-8dff77299da9,25.04.13-E-20535793612,evaluacion,2025-04-13,80.0,confiable,EVALUADO,completada
47303b17-e66e-5d8d-8ce0-7908fcd00187,a6f1d8c3-6194-5804-ac16-a98cc205559d,03e7290b-89db-53d5-b474-943057605c65,5779e150-82ca-52bb-8a95-0d09eb2d93b5,5233abd8-7ec4-595a-b65c-3694e9741f19,25.04.13-E-20452587182,evaluacion,2025-04-13,75.0,confiable,EVALUADO,completada
a7d86315-7d35-5de3-bde4-8af88973152f,a6f1d8c3-6194-5804-ac16-a98cc205559d,38892428-8e39-5414-8a46-4f569b9ef372,5779e150-82ca-52bb-8a95-0d09eb2d93b5,521c5f2b-a6fb-5add-ae44-913752a27cde,25.04.13-E-20601677556,evaluacion,2025-04-13,75.0,confiable,EVALUADO,completada
ffe6d856-45d1-5fea-a7fa-744510a58805,a6f1d8c3-6194-5804-ac16-a98cc205559d,e195bb7d-9d38-518e-9a55-d61c8b5b3f43,5779e150-82ca-52bb-8a95-0d09eb2d93b5,521c5f2b-a6fb-5add-ae44-913752a27cde,25.04.04-E-20510984553,evaluacion,2025-04-04,75.0,confiable,EVALUADO,completada
f9335660-30b2-50ff-ab49-42c94ff148e6,a6f1d8c3-6194-5804-ac16-a98cc205559d,a9d3bcf9-b378-5a58-a9e4-d2c83697edc9,5779e150-82ca-52bb-8a95-0d09eb2d93b5,521c5f2b-a6fb-5add-ae44-913752a27cde,25.04.04-E-10078453864,evaluacion,2025-04-04,85.0,confiable,EVALUADO,completada
9a60debb-15fc-5508-9fb7-9e2792dba18c,a6f1d8c3-6194-5804-ac16-a98cc205559d,2eabf8d4-a07d-54a3-9ba2-1c4da135d0c9,5779e150-82ca-52bb-8a95-0d09eb2d93b5,521c5f2b-a6fb-5add-ae44-913752a27cde,25.04.04-E-20613296981,evaluacion,2025-04-04,75.0,confiable,EVALUADO,completada
e43de682-dd42-560a-a893-d643542e6c32,a6f1d8c3-6194-5804-ac16-a98cc205559d,b8c3c706-d9a5-52ff-93a7-a18014e39786,5779e150-82ca-52bb-8a95-0d09eb2d93b5,5233abd8-7ec4-595a-b65c-3694e9741f19,25.03.22-E-20452225949,evaluacion,2025-09-18,75.0,confiable,,completada
2fe9dc70-a1cf-5e06-b587-eb7cd4527820,a6f1d8c3-6194-5804-ac16-a98cc205559d,b8c3c706-d9a5-52ff-93a7-a18014e39786,5779e150-82ca-52bb-8a95-0d09eb2d93b5,5233abd8-7ec4-595a-b65c-3694e9741f19,25.03.22-E-20452225949-2,evaluacion,2025-03-22,75.0,confiable,EVALUADO,completada
59105739-ffac-53f1-b98b-92d2f9bece17,a6f1d8c3-6194-5804-ac16-a98cc205559d,e35c3cff-4f04-51d4-9e69-548dbea2f136,5779e150-82ca-52bb-8a95-0d09eb2d93b5,6f811197-a8f6-5a82-88f4-8dff77299da9,25.03.22-E-20605979654,evaluacion,2025-09-18,75.0,confiable,,completada
60655560-e1ec-53d5-bbac-748e12bddb20,a6f1d8c3-6194-5804-ac16-a98cc205559d,e35c3cff-4f04-51d4-9e69-548dbea2f136,5779e150-82ca-52bb-8a95-0d09eb2d93b5,6f811197-a8f6-5a82-88f4-8dff77299da9,25.03.22-E-20605979654-2,evaluacion,2025-03-22,75.0,confiable,EVALUADO,completada
a944b996-fdbd-5571-89ea-5b0e88c9698a,a6f1d8c3-6194-5804-ac16-a98cc205559d,39687414-cf99-5fb0-8f4b-ceabc5446a4d,5779e150-82ca-52bb-8a95-0d09eb2d93b5,521c5f2b-a6fb-5add-ae44-913752a27cde,25.03.09-E-20601440181,evaluacion,2025-09-05,75.0,confiable,,completada
9acef4eb-4c72-557e-b8f7-3385becbd51b,a6f1d8c3-6194-5804-ac16-a98cc205559d,39687414-cf99-5fb0-8f4b-ceabc5446a4d,5779e150-82ca-52bb-8a95-0d09eb2d93b5,521c5f2b-a6fb-5add-ae44-913752a27cde,25.03.09-E-20601440181-2,evaluacion,2025-03-09,75.0,confiable,EVALUADO,completada
1854016c-2393-5996-8542-5b9fc9cfa7ea,a6f1d8c3-6194-5804-ac16-a98cc205559d,f32ad9a0-6450-5ca2-8ba6-f19bf107a735,5779e150-82ca-52bb-8a95-0d09eb2d93b5,6f811197-a8f6-5a82-88f4-8dff77299da9,25.03.22-E-20431084172,evaluacion,2025-09-18,75.0,confiable,,completada
b25e9a0f-a4fb-5cd9-9bf7-cf0156221234,a6f1d8c3-6194-5804-ac16-a98cc205559d,f32ad9a0-6450-5ca2-8ba6-f19bf107a735,5779e150-82ca-52bb-8a95-0d09eb2d93b5,6f811197-a8f6-5a82-88f4-8dff77299da9,25.03.22-E-20431084172-2,evaluacion,2025-03-22,75.0,confiable,EVALUADO,completada
5226ee94-0df8-5804-940b-aca161d43ac7,a6f1d8c3-6194-5804-ac16-a98cc205559d,b7d30df9-e275-5e0e-8456-795b0fa152b2,5779e150-82ca-52bb-8a95-0d09eb2d93b5,521c5f2b-a6fb-5add-ae44-913752a27cde,25.03.31-E-20609119617,evaluacion,2025-09-27,75.0,confiable,,completada
86df27bc-a11d-5c77-9ccd-bedd5e770b84,a6f1d8c3-6194-5804-ac16-a98cc205559d,b7d30df9-e275-5e0e-8456-795b0fa152b2,5779e150-82ca-52bb-8a95-0d09eb2d93b5,521c5f2b-a6fb-5add-ae44-913752a27cde,25.03.31-E-20609119617-2,evaluacion,2025-03-31,75.0,confiable,EVALUADO,completada
cc4d38e7-8f31-56ae-b52a-fda805c93f54,a6f1d8c3-6194-5804-ac16-a98cc205559d,fb1c043c-571d-5f6a-b0db-04ff5bd072f6,5779e150-82ca-52bb-8a95-0d09eb2d93b5,521c5f2b-a6fb-5add-ae44-913752a27cde,25.03.22-E-20521151324,evaluacion,2025-09-18,80.0,confiable,,completada
86aada86-2bf8-51b4-9baf-2bb67b27a6c6,a6f1d8c3-6194-5804-ac16-a98cc205559d,fb1c043c-571d-5f6a-b0db-04ff5bd072f6,5779e150-82ca-52bb-8a95-0d09eb2d93b5,521c5f2b-a6fb-5add-ae44-913752a27cde,25.03.22-E-20521151324-2,evaluacion,2025-03-22,80.0,confiable,EVALUADO,completada
1a009900-99e7-56de-a9e0-26095c75d92f,a6f1d8c3-6194-5804-ac16-a98cc205559d,5469fcd2-3960-51a6-812b-109382051246,5779e150-82ca-52bb-8a95-0d09eb2d93b5,521c5f2b-a6fb-5add-ae44-913752a27cde,25.03.16-E-20610052011,evaluacion,2025-03-16,85.0,confiable,EVALUADO,completada
c39214cd-73ac-519e-b52b-12e84c39c9c4,a6f1d8c3-6194-5804-ac16-a98cc205559d,1fa6b7cb-b5e8-50f4-a58f-f2f183feb6ea,5779e150-82ca-52bb-8a95-0d09eb2d93b5,521c5f2b-a6fb-5add-ae44-913752a27cde,25.03.22-E-20547958072,evaluacion,2025-09-18,85.0,confiable,,completada
1cfcefdf-9572-58bd-aabd-d5edd2aa522d,a6f1d8c3-6194-5804-ac16-a98cc205559d,1fa6b7cb-b5e8-50f4-a58f-f2f183feb6ea,5779e150-82ca-52bb-8a95-0d09eb2d93b5,521c5f2b-a6fb-5add-ae44-913752a27cde,25.03.22-E-20547958072-2,evaluacion,2025-03-22,85.0,confiable,EVALUADO,completada
a90d9f08-1802-5f2d-af38-17a8a868cb46,a6f1d8c3-6194-5804-ac16-a98cc205559d,2a3709c3-163c-5405-8672-30d531e07c1e,5779e150-82ca-52bb-8a95-0d09eb2d93b5,6f811197-a8f6-5a82-88f4-8dff77299da9,25.03.31-E-20603477490,evaluacion,2025-09-27,75.0,confiable,,completada
609ea330-f4ef-5bf1-b50d-2794ca2e150a,a6f1d8c3-6194-5804-ac16-a98cc205559d,2a3709c3-163c-5405-8672-30d531e07c1e,5779e150-82ca-52bb-8a95-0d09eb2d93b5,6f811197-a8f6-5a82-88f4-8dff77299da9,25.03.31-E-20603477490-2,evaluacion,2025-03-31,75.0,confiable,EVALUADO,completada
87596c27-d159-5361-a681-3eab875770d1,a6f1d8c3-6194-5804-ac16-a98cc205559d,fa6a7bca-278b-5636-bd0a-28353067fb1f,5779e150-82ca-52bb-8a95-0d09eb2d93b5,521c5f2b-a6fb-5add-ae44-913752a27cde,25.09.11-E-20600537190,evaluacion,2025-09-11,90.0,confiable,,completada
be898768-7089-54b9-be0d-753beb780982,a6f1d8c3-6194-5804-ac16-a98cc205559d,fd8e208a-a94a-5937-8cbc-e19dd8b95e73,5779e150-82ca-52bb-8a95-0d09eb2d93b5,521c5f2b-a6fb-5add-ae44-913752a27cde,25.09.12-E-2060692738,evaluacion,2025-09-12,80.0,confiable,,completada
fb8b31c8-0566-5b6e-83ad-0b080c68c788,a6f1d8c3-6194-5804-ac16-a98cc205559d,f5c22e48-3122-596f-8de6-bf93b3b0a5b2,5779e150-82ca-52bb-8a95-0d09eb2d93b5,521c5f2b-a6fb-5add-ae44-913752a27cde,25.09.12-E-20521937531,evaluacion,2025-09-12,85.0,confiable,,completada
0a020a57-70b4-5982-b0dd-dab956b0b56a,a6f1d8c3-6194-5804-ac16-a98cc205559d,d11d103d-2ef3-5e6d-be8e-36bfea0948fc,5779e150-82ca-52bb-8a95-0d09eb2d93b5,521c5f2b-a6fb-5add-ae44-913752a27cde,25.09.11-E-20296550222,evaluacion,2025-09-11,75.0,confiable,,completada
766bac65-20ea-57d3-96e2-86d111bded0c,a6f1d8c3-6194-5804-ac16-a98cc205559d,01509ffd-0a0c-579e-8aa0-e4990e92eefc,5779e150-82ca-52bb-8a95-0d09eb2d93b5,521c5f2b-a6fb-5add-ae44-913752a27cde,25.09.11-E-10086484710,evaluacion,2025-09-11,75.0,confiable,,completada
e1b84cc4-6a76-58c1-a7e1-ba276923bae0,a6f1d8c3-6194-5804-ac16-a98cc205559d,012a83fc-fafd-5cad-8410-1279faccc846,5779e150-82ca-52bb-8a95-0d09eb2d93b5,521c5f2b-a6fb-5add-ae44-913752a27cde,25.09.12-E-20610058133,evaluacion,2025-09-12,90.0,confiable,,completada
1d2f8e1a-c06a-5bdd-b3d8-a62f365d1f48,a6f1d8c3-6194-5804-ac16-a98cc205559d,5469fcd2-3960-51a6-812b-109382051246,5779e150-82ca-52bb-8a95-0d09eb2d93b5,521c5f2b-a6fb-5add-ae44-913752a27cde,25.09.12-E-20610052011,evaluacion,2025-09-12,85.0,confiable,,completada
33b78226-0ec1-53dd-b7c7-59685764ffff,a6f1d8c3-6194-5804-ac16-a98cc205559d,006ee080-39a9-5301-8da8-c882ebe9f750,5779e150-82ca-52bb-8a95-0d09eb2d93b5,5233abd8-7ec4-595a-b65c-3694e9741f19,25.03.31-E-20535120898,evaluacion,2025-09-27,75.0,confiable,,completada
dc950e1b-08c7-5346-91bc-3d12ce37f744,a6f1d8c3-6194-5804-ac16-a98cc205559d,006ee080-39a9-5301-8da8-c882ebe9f750,5779e150-82ca-52bb-8a95-0d09eb2d93b5,5233abd8-7ec4-595a-b65c-3694e9741f19,25.03.31-E-20535120898-2,evaluacion,2025-03-31,75.0,confiable,EVALUADO,completada
8b00023d-559a-5ce1-a99b-748b96ffdf5f,a6f1d8c3-6194-5804-ac16-a98cc205559d,012a83fc-fafd-5cad-8410-1279faccc846,5779e150-82ca-52bb-8a95-0d09eb2d93b5,521c5f2b-a6fb-5add-ae44-913752a27cde,25.03.16-E-20610058133,evaluacion,2025-03-16,90.0,confiable,EVALUADO,completada
3cdabcab-9440-53b5-b5ac-c21d234edc5b,a6f1d8c3-6194-5804-ac16-a98cc205559d,d265d9a3-8fca-545d-a801-3805360f34d3,5779e150-82ca-52bb-8a95-0d09eb2d93b5,521c5f2b-a6fb-5add-ae44-913752a27cde,25.09.11-E-20611225262,evaluacion,2025-09-11,80.0,confiable,,completada
0401f5e3-5766-56e9-a7e8-0ad26f99bd4e,a6f1d8c3-6194-5804-ac16-a98cc205559d,2ddb8d04-f1b0-5eac-99ec-923527292a94,5779e150-82ca-52bb-8a95-0d09eb2d93b5,521c5f2b-a6fb-5add-ae44-913752a27cde,25.09.13-E-10407659029,evaluacion,2025-09-13,80.0,confiable,,completada
7c19c894-5ff1-5894-a9c6-3eced09f7006,a6f1d8c3-6194-5804-ac16-a98cc205559d,c9363c90-929b-53d0-84b0-1f29c5a3d303,5779e150-82ca-52bb-8a95-0d09eb2d93b5,521c5f2b-a6fb-5add-ae44-913752a27cde,25.09.12-E-20606012366,evaluacion,2025-09-12,90.0,confiable,,completada
58f8e9d9-0817-52f3-b22d-365ebc9fe1d7,a6f1d8c3-6194-5804-ac16-a98cc205559d,f7fe80a2-bf9d-50e7-9372-8fe4bc63c54e,5779e150-82ca-52bb-8a95-0d09eb2d93b5,521c5f2b-a6fb-5add-ae44-913752a27cde,25.09.12-E-20510108761,evaluacion,2025-09-12,75.0,confiable,,completada
3ea2cf72-7e94-5a07-9373-5cae3eb716fb,a6f1d8c3-6194-5804-ac16-a98cc205559d,f9a3cc43-9f45-5a6f-8cf3-74d104038bc9,5779e150-82ca-52bb-8a95-0d09eb2d93b5,521c5f2b-a6fb-5add-ae44-913752a27cde,25.09.12-E-20523911644,evaluacion,2025-09-12,80.0,confiable,,completada
7970ff98-d26c-5c1e-8d24-317fdd276e84,a6f1d8c3-6194-5804-ac16-a98cc205559d,3258a17f-626f-5b18-90ad-42dee90e4bcd,5779e150-82ca-52bb-8a95-0d09eb2d93b5,521c5f2b-a6fb-5add-ae44-913752a27cde,25.09.11-E-20602530010,evaluacion,2025-09-11,85.0,confiable,,completada
b797165d-8a07-568c-bb75-26c2d5c031f0,a6f1d8c3-6194-5804-ac16-a98cc205559d,01509ffd-0a0c-579e-8aa0-e4990e92eefc,5779e150-82ca-52bb-8a95-0d09eb2d93b5,521c5f2b-a6fb-5add-ae44-913752a27cde,25.03.15-E-10086484710,evaluacion,2025-03-15,75.0,confiable,EVALUADO,completada
8bbe8434-9053-590c-b5b8-0a5f3a0db078,a6f1d8c3-6194-5804-ac16-a98cc205559d,8e803f65-af16-56ca-8101-9f4153ff3fe7,5779e150-82ca-52bb-8a95-0d09eb2d93b5,521c5f2b-a6fb-5add-ae44-913752a27cde,25.03.22-E-20100862132,evaluacion,2025-09-18,75.0,confiable,,completada
27f3bf89-b7ee-5943-bea0-5d31d74679e1,a6f1d8c3-6194-5804-ac16-a98cc205559d,8e803f65-af16-56ca-8101-9f4153ff3fe7,5779e150-82ca-52bb-8a95-0d09eb2d93b5,521c5f2b-a6fb-5add-ae44-913752a27cde,25.03.22-E-20100862132-2,evaluacion,2025-03-22,75.0,confiable,EVALUADO,completada
dc53d9f1-7895-561f-baf9-7eee17a9c6f3,a6f1d8c3-6194-5804-ac16-a98cc205559d,d11d103d-2ef3-5e6d-be8e-36bfea0948fc,5779e150-82ca-52bb-8a95-0d09eb2d93b5,521c5f2b-a6fb-5add-ae44-913752a27cde,25.03.15-E-20296550222,evaluacion,2025-03-15,75.0,confiable,EVALUADO,completada
e9c0da7a-7037-58a2-8a7c-7d9373330835,a6f1d8c3-6194-5804-ac16-a98cc205559d,893049e5-4003-50d6-883c-908aba7e79f6,5779e150-82ca-52bb-8a95-0d09eb2d93b5,521c5f2b-a6fb-5add-ae44-913752a27cde,25.03.16-E-20521937531,evaluacion,2025-03-16,85.0,confiable,EVALUADO,completada
b3bb0c6c-7761-5a60-85fb-49b2cbcf89bb,a6f1d8c3-6194-5804-ac16-a98cc205559d,fd8e208a-a94a-5937-8cbc-e19dd8b95e73,5779e150-82ca-52bb-8a95-0d09eb2d93b5,521c5f2b-a6fb-5add-ae44-913752a27cde,25.03.16-E-2060692738,evaluacion,2025-03-16,80.0,confiable,EVALUADO,completada
1a11c10d-523e-508c-9633-0ada3bdbc160,a6f1d8c3-6194-5804-ac16-a98cc205559d,52ea785a-7288-55a6-aeb3-edcdc76129ab,5779e150-82ca-52bb-8a95-0d09eb2d93b5,5233abd8-7ec4-595a-b65c-3694e9741f19,25.05.23-E-20155945860,evaluacion,2025-09-19,80.0,confiable,,completada
76a35509-dc49-5133-8a56-347b5947ec39,a6f1d8c3-6194-5804-ac16-a98cc205559d,52ea785a-7288-55a6-aeb3-edcdc76129ab,5779e150-82ca-52bb-8a95-0d09eb2d93b5,5233abd8-7ec4-595a-b65c-3694e9741f19,25.05.23-E-20155945860-2,evaluacion,2025-03-23,80.0,confiable,EVALUADO,completada
62de46e4-7e43-5141-94ba-3767f33920b2,a6f1d8c3-6194-5804-ac16-a98cc205559d,399c7535-4c56-597a-a4bb-07b085bb6c0f,5779e150-82ca-52bb-8a95-0d09eb2d93b5,521c5f2b-a6fb-5add-ae44-913752a27cde,25.03.15-E-20600537190,evaluacion,2025-03-15,90.0,confiable,EVALUADO,completada
3293ed65-67af-542e-8c93-bd8120327ea6,a6f1d8c3-6194-5804-ac16-a98cc205559d,3258a17f-626f-5b18-90ad-42dee90e4bcd,5779e150-82ca-52bb-8a95-0d09eb2d93b5,521c5f2b-a6fb-5add-ae44-913752a27cde,25.03.15-E-20602530010,evaluacion,2025-03-15,85.0,confiable,EVALUADO,completada
0496e2f9-858e-533c-8a3a-db978ff2599c,a6f1d8c3-6194-5804-ac16-a98cc205559d,2cc03fbb-42d3-5be7-a562-fc6dd4eb924a,5779e150-82ca-52bb-8a95-0d09eb2d93b5,521c5f2b-a6fb-5add-ae44-913752a27cde,25.03.31-E-20611031999,evaluacion,2025-03-31,75.0,confiable,EVALUADO,completada
210cac47-91e9-5dbf-8cb1-8a613388371e,a6f1d8c3-6194-5804-ac16-a98cc205559d,f9a3cc43-9f45-5a6f-8cf3-74d104038bc9,5779e150-82ca-52bb-8a95-0d09eb2d93b5,521c5f2b-a6fb-5add-ae44-913752a27cde,25.03.16-E-20523911644,evaluacion,2025-03-16,80.0,confiable,EVALUADO,completada
40b60b83-8b28-56d3-b23a-4d277e6f0bf8,a6f1d8c3-6194-5804-ac16-a98cc205559d,edc676d6-b1c0-51fb-8e6e-b86a8e6a4b7b,5779e150-82ca-52bb-8a95-0d09eb2d93b5,521c5f2b-a6fb-5add-ae44-913752a27cde,24.03.16-E-20510108761,evaluacion,2025-03-16,75.0,confiable,EVALUADO,completada
e678024e-1122-5d02-ac85-472d1a0ce919,a6f1d8c3-6194-5804-ac16-a98cc205559d,c9363c90-929b-53d0-84b0-1f29c5a3d303,5779e150-82ca-52bb-8a95-0d09eb2d93b5,521c5f2b-a6fb-5add-ae44-913752a27cde,25.03.16-E-20606012366,evaluacion,2025-03-16,90.0,confiable,EVALUADO,completada
8b5c2bca-26cf-5769-b480-ccf97735477e,a6f1d8c3-6194-5804-ac16-a98cc205559d,691c1696-e748-5413-a133-cd65b919499d,5779e150-82ca-52bb-8a95-0d09eb2d93b5,521c5f2b-a6fb-5add-ae44-913752a27cde,25.03.17-E-10407659029,evaluacion,2025-03-17,80.0,confiable,EVALUADO,completada
031e9cb9-b10b-5a42-a5d2-6a72ab764a74,a6f1d8c3-6194-5804-ac16-a98cc205559d,d1873603-b7a2-5dc1-88d2-17e3d2d9b8cc,5779e150-82ca-52bb-8a95-0d09eb2d93b5,521c5f2b-a6fb-5add-ae44-913752a27cde,25.03.15-E-20611225262,evaluacion,2025-03-15,80.0,confiable,EVALUADO,completada
7aff0156-af07-5985-9d22-2df8221abe2f,a6f1d8c3-6194-5804-ac16-a98cc205559d,3ee6e6a8-692d-5769-b502-dfe57334d06d,5779e150-82ca-52bb-8a95-0d09eb2d93b5,521c5f2b-a6fb-5add-ae44-913752a27cde,25.06.15-E-20144304315,evaluacion,2025-06-15,35.0,medianamente_confiable,EVALUADO,completada
7b76b040-a32c-5212-8284-46dfc7f10963,a6f1d8c3-6194-5804-ac16-a98cc205559d,1a8a1302-9fd8-5631-9d27-81a05a56fa84,5779e150-82ca-52bb-8a95-0d09eb2d93b5,521c5f2b-a6fb-5add-ae44-913752a27cde,25.03.17-E-20144304315,evaluacion,2025-03-17,60.0,medianamente_confiable,EVALUADO,completada
bfcde678-c792-5d7f-a32b-8a3732de3483,a6f1d8c3-6194-5804-ac16-a98cc205559d,5dbbd952-518e-5e93-9c19-42c1a287a672,5779e150-82ca-52bb-8a95-0d09eb2d93b5,521c5f2b-a6fb-5add-ae44-913752a27cde,25.08.12-E-20601217440,evaluacion,2025-08-12,80.0,confiable,EVALUADO,completada
54e1ec6a-cd11-5d83-9608-7b0c13c25ede,a6f1d8c3-6194-5804-ac16-a98cc205559d,bf2aa068-80ea-5fd9-983d-86a846f2409e,5779e150-82ca-52bb-8a95-0d09eb2d93b5,521c5f2b-a6fb-5add-ae44-913752a27cde,25.08.12-E-20522347869,evaluacion,2025-08-12,80.0,confiable,EVALUADO,completada
24aae60b-eee2-5d5a-9b55-dcd1b753e9cb,a6f1d8c3-6194-5804-ac16-a98cc205559d,d42d3c1a-1e8d-5c31-bedb-a9aa0db8da1b,5779e150-82ca-52bb-8a95-0d09eb2d93b5,521c5f2b-a6fb-5add-ae44-913752a27cde,25.08.12-E-20608379011,evaluacion,2025-08-12,80.0,confiable,EVALUADO,completada
38b72beb-a857-5f25-a35e-82b1458050f0,a6f1d8c3-6194-5804-ac16-a98cc205559d,7af5a3e9-6705-5d49-8408-8d1b6e31ee35,5779e150-82ca-52bb-8a95-0d09eb2d93b5,521c5f2b-a6fb-5add-ae44-913752a27cde,25.08.24-E-20523526147,evaluacion,2025-08-24,80.0,confiable,,completada
11c59e2b-c9cc-50cf-b4f6-555c193fd15e,a6f1d8c3-6194-5804-ac16-a98cc205559d,37eebc2c-2d8b-50e1-a123-7ce988f6f84b,5779e150-82ca-52bb-8a95-0d09eb2d93b5,521c5f2b-a6fb-5add-ae44-913752a27cde,25.08.24-E-20557201263,evaluacion,2025-08-24,75.0,confiable,,completada
1b80ee45-73f1-5e5d-a76b-f163b9c65327,a6f1d8c3-6194-5804-ac16-a98cc205559d,4a9f5de8-149d-5288-97b3-a3ee2d81efbd,5779e150-82ca-52bb-8a95-0d09eb2d93b5,521c5f2b-a6fb-5add-ae44-913752a27cde,25.08.24-E-20548527113,evaluacion,2025-08-24,75.0,confiable,,completada
5eea7ab2-6bd3-5042-a5c3-298e65fb668f,a6f1d8c3-6194-5804-ac16-a98cc205559d,98bbaaeb-f5ec-5076-a053-272425915158,5779e150-82ca-52bb-8a95-0d09eb2d93b5,6f811197-a8f6-5a82-88f4-8dff77299da9,25.08.24-E-20367525135,evaluacion,2025-08-24,75.0,confiable,,completada
1b0ced06-76c4-5b7a-896d-c343f87164b7,a6f1d8c3-6194-5804-ac16-a98cc205559d,6c678117-a29e-5b81-aea2-662ec4a5866d,5779e150-82ca-52bb-8a95-0d09eb2d93b5,6f811197-a8f6-5a82-88f4-8dff77299da9,25.08.24-E-20610595848,evaluacion,2025-08-24,80.0,confiable,,completada
eba53269-918c-52b4-982e-bcd5396794d0,a6f1d8c3-6194-5804-ac16-a98cc205559d,2cd221af-ec4d-50db-a573-dc4cd58bfb22,5779e150-82ca-52bb-8a95-0d09eb2d93b5,5233abd8-7ec4-595a-b65c-3694e9741f19,25.08.24-E-10414447495,evaluacion,2025-08-24,75.0,confiable,,completada
72aaf655-56e5-5e8d-827e-458ee542f2f3,a6f1d8c3-6194-5804-ac16-a98cc205559d,b064a67b-a2e6-522f-be51-700953c81f5d,5779e150-82ca-52bb-8a95-0d09eb2d93b5,521c5f2b-a6fb-5add-ae44-913752a27cde,25.08.24-E-20605608591,evaluacion,2025-08-24,75.0,confiable,,completada
3361e6c5-582a-5699-97c4-8c44c305ec9c,a6f1d8c3-6194-5804-ac16-a98cc205559d,a00c17c7-7d30-5f44-adc1-1f41bcbad222,5779e150-82ca-52bb-8a95-0d09eb2d93b5,6f811197-a8f6-5a82-88f4-8dff77299da9,25.08.24-E-20112809512,evaluacion,2025-08-24,75.0,confiable,,completada
611a79fb-68d9-5fe0-86c4-60c5c9f595c0,a6f1d8c3-6194-5804-ac16-a98cc205559d,9c7a75a0-316f-5401-a891-07fa29a0d153,5779e150-82ca-52bb-8a95-0d09eb2d93b5,ac5d6441-8769-529d-b6ea-832b1aed65fa,25.08.24-E-20603618379,evaluacion,2025-08-24,75.0,confiable,,completada
c3af8a05-362a-55e2-8a1a-781669d5df52,a6f1d8c3-6194-5804-ac16-a98cc205559d,ac7c2478-1d87-539f-8da0-3cb1b22a5866,5779e150-82ca-52bb-8a95-0d09eb2d93b5,ac5d6441-8769-529d-b6ea-832b1aed65fa,25.02.25-E-20603618379,evaluacion,2025-02-25,75.0,confiable,EVALUADO,completada
aba021cc-91dc-50bf-87cc-a2bb33dd0b0e,a6f1d8c3-6194-5804-ac16-a98cc205559d,70b06dd1-60aa-5c83-8d7d-c96a6c80c963,5779e150-82ca-52bb-8a95-0d09eb2d93b5,6f811197-a8f6-5a82-88f4-8dff77299da9,25.02.25-E-20112809512,evaluacion,2025-02-25,75.0,confiable,EVALUADO,completada
323eb741-6f31-5b0e-aad5-258c21784df8,a6f1d8c3-6194-5804-ac16-a98cc205559d,318a0eac-97e0-5c3e-a7dd-239ce5a84609,5779e150-82ca-52bb-8a95-0d09eb2d93b5,521c5f2b-a6fb-5add-ae44-913752a27cde,25.02.25-E-20605608591,evaluacion,2025-02-25,75.0,confiable,EVALUADO,completada
9b0a6077-550d-5c9c-8253-f52edefbc2e1,a6f1d8c3-6194-5804-ac16-a98cc205559d,355b8f2b-b2f6-5c4b-9fee-45c1f40fda13,5779e150-82ca-52bb-8a95-0d09eb2d93b5,5233abd8-7ec4-595a-b65c-3694e9741f19,25.02.25-E-10414447495,evaluacion,2025-02-25,75.0,confiable,EVALUADO,completada
4c1ed487-90e6-5563-b383-fc3011da7903,a6f1d8c3-6194-5804-ac16-a98cc205559d,bd557bfc-b085-5eba-adc7-02538a445fd7,5779e150-82ca-52bb-8a95-0d09eb2d93b5,6f811197-a8f6-5a82-88f4-8dff77299da9,25.02.25-E-20610595848,evaluacion,2025-02-25,80.0,confiable,EVALUADO,completada
c897c457-e10c-5817-9c0d-de11b4b81140,a6f1d8c3-6194-5804-ac16-a98cc205559d,f10b50a6-aff6-50f8-821d-4830978c9a89,5779e150-82ca-52bb-8a95-0d09eb2d93b5,6f811197-a8f6-5a82-88f4-8dff77299da9,25.02.25-E-20367525135,evaluacion,2025-02-25,75.0,confiable,EVALUADO,completada
288f5c92-b13e-547a-9333-cc8f70a476f2,a6f1d8c3-6194-5804-ac16-a98cc205559d,4454fe09-b119-539f-8947-2c0e03c15092,5779e150-82ca-52bb-8a95-0d09eb2d93b5,521c5f2b-a6fb-5add-ae44-913752a27cde,25.02.25-E-20557201263,evaluacion,2025-02-25,75.0,confiable,EVALUADO,completada
47d20aad-84b3-52f5-b6a5-1ba4406e98ef,a6f1d8c3-6194-5804-ac16-a98cc205559d,4d15342e-7958-570b-bf95-8d265bd1ef4b,5779e150-82ca-52bb-8a95-0d09eb2d93b5,521c5f2b-a6fb-5add-ae44-913752a27cde,25.02.25-S-20548527113,evaluacion,2025-02-25,75.0,confiable,EVALUADO,completada
b8bbad95-0c23-5913-adf5-ae116fbd0e83,a6f1d8c3-6194-5804-ac16-a98cc205559d,7af5a3e9-6705-5d49-8408-8d1b6e31ee35,5779e150-82ca-52bb-8a95-0d09eb2d93b5,521c5f2b-a6fb-5add-ae44-913752a27cde,25.02.25-E-20523526147,evaluacion,2025-02-25,80.0,confiable,EVALUADO,completada
a58670e6-b991-5d69-87a0-a9206128ef29,a6f1d8c3-6194-5804-ac16-a98cc205559d,e88f1e2a-a0e4-5762-a1de-176b64de190b,5779e150-82ca-52bb-8a95-0d09eb2d93b5,521c5f2b-a6fb-5add-ae44-913752a27cde,25.08.24-E-20605399534,evaluacion,2025-08-24,75.0,confiable,,completada
2c28fc5a-53fd-5943-ae01-dea89647d156,a6f1d8c3-6194-5804-ac16-a98cc205559d,e88f1e2a-a0e4-5762-a1de-176b64de190b,5779e150-82ca-52bb-8a95-0d09eb2d93b5,521c5f2b-a6fb-5add-ae44-913752a27cde,25.02.25-E-20605399534,evaluacion,2025-02-25,80.0,confiable,EVALUADO,completada
821edebc-0062-5234-9a56-0cd1409df706,a6f1d8c3-6194-5804-ac16-a98cc205559d,ddd1cb15-e0cb-5829-a3af-562aa9b58aa1,5779e150-82ca-52bb-8a95-0d09eb2d93b5,521c5f2b-a6fb-5add-ae44-913752a27cde,25.02.13-S-20608379011,evaluacion,2025-02-13,80.0,confiable,EVALUADO,completada
0801dc76-0262-5077-ab4a-1a85ddeff628,a6f1d8c3-6194-5804-ac16-a98cc205559d,d4588a6b-7a7b-5a85-9d5a-0ff4cf10cdc5,5779e150-82ca-52bb-8a95-0d09eb2d93b5,521c5f2b-a6fb-5add-ae44-913752a27cde,25.02.13-S-20522347869,evaluacion,2025-02-13,80.0,confiable,EVALUADO,completada
80cd3f0a-2c68-5faa-97ad-5095220af21c,a6f1d8c3-6194-5804-ac16-a98cc205559d,50a105d0-d756-5cda-8ee0-fc5f628c78f9,5779e150-82ca-52bb-8a95-0d09eb2d93b5,521c5f2b-a6fb-5add-ae44-913752a27cde,25.02.13-E-20601217440,evaluacion,2025-02-13,80.0,confiable,EVALUADO,completada
df472526-7204-59a6-ae72-0a104410edff,a6f1d8c3-6194-5804-ac16-a98cc205559d,0b885521-31f8-5639-b94d-0a7753fde2f1,5779e150-82ca-52bb-8a95-0d09eb2d93b5,521c5f2b-a6fb-5add-ae44-913752a27cde,25.06.03-E-20614130009,evaluacion,2025-06-03,75.0,confiable,EVALUADO,completada
99930cf0-e154-5c60-b52f-4c9decd4a7cc,a6f1d8c3-6194-5804-ac16-a98cc205559d,0b885521-31f8-5639-b94d-0a7753fde2f1,5779e150-82ca-52bb-8a95-0d09eb2d93b5,521c5f2b-a6fb-5add-ae44-913752a27cde,24.12.05-E-20614130009,evaluacion,2024-12-05,75.0,confiable,EVALUADO,completada
86824bbc-6eef-528f-a41c-37b06409f495,a6f1d8c3-6194-5804-ac16-a98cc205559d,54811781-b96a-5772-bf03-7049ed13e066,5779e150-82ca-52bb-8a95-0d09eb2d93b5,521c5f2b-a6fb-5add-ae44-913752a27cde,24.12.01-E-20605026321,evaluacion,2024-12-01,80.0,confiable,EVALUADO,completada
b1a407cf-18e9-5145-8b8d-f697f7f1a72c,a6f1d8c3-6194-5804-ac16-a98cc205559d,d7a3920b-650b-5392-ae34-008dc7f40a96,5779e150-82ca-52bb-8a95-0d09eb2d93b5,521c5f2b-a6fb-5add-ae44-913752a27cde,25.05.30-E-10451426121,evaluacion,2025-05-30,75.0,confiable,EVALUADO,completada
2c631a84-78d1-57de-97c6-298a5c3558fb,a6f1d8c3-6194-5804-ac16-a98cc205559d,ab227ed6-c9e8-5f96-b95b-ef14c6415f70,5779e150-82ca-52bb-8a95-0d09eb2d93b5,521c5f2b-a6fb-5add-ae44-913752a27cde,25.05.30-E-20512255541,evaluacion,2025-05-30,75.0,confiable,EVALUADO,completada
63f41dc6-2ccf-5a60-bae4-428cd28d2114,a6f1d8c3-6194-5804-ac16-a98cc205559d,bc6d643b-0d38-501b-bde9-9a84b5d07a2e,5779e150-82ca-52bb-8a95-0d09eb2d93b5,521c5f2b-a6fb-5add-ae44-913752a27cde,25.05.30-E-20537321190,evaluacion,2025-05-30,75.0,confiable,EVALUADO,completada
45736cf3-0975-5a44-a029-fb62cb84cd72,a6f1d8c3-6194-5804-ac16-a98cc205559d,69e4dde5-dba6-526d-94e9-a3d826e50eff,5779e150-82ca-52bb-8a95-0d09eb2d93b5,521c5f2b-a6fb-5add-ae44-913752a27cde,25.05.30-E-20610988114,evaluacion,2025-05-30,75.0,confiable,EVALUADO,completada
fbe25a75-9a14-5cf2-bba7-5c6aae534d44,a6f1d8c3-6194-5804-ac16-a98cc205559d,261aa791-6863-5fae-beff-b22f0108609c,5779e150-82ca-52bb-8a95-0d09eb2d93b5,521c5f2b-a6fb-5add-ae44-913752a27cde,25.05.30-E-20123301898,evaluacion,2025-05-30,75.0,confiable,EVALUADO,completada
6172a630-ad3c-5a02-bcb1-a5c03f9a43eb,a6f1d8c3-6194-5804-ac16-a98cc205559d,50055674-c01b-5b40-9c5e-72821792b7ee,5779e150-82ca-52bb-8a95-0d09eb2d93b5,521c5f2b-a6fb-5add-ae44-913752a27cde,25.05.30-E-20601636086,evaluacion,2025-05-30,75.0,confiable,EVALUADO,completada
75bfaf93-fead-5035-92c1-f1c042c36cf9,a6f1d8c3-6194-5804-ac16-a98cc205559d,8c18c47a-6db3-535a-9660-536bc9548e9a,5779e150-82ca-52bb-8a95-0d09eb2d93b5,521c5f2b-a6fb-5add-ae44-913752a27cde,25.05.30-E-20604496838,evaluacion,2025-05-30,75.0,confiable,EVALUADO,completada
71e0ad7d-9725-59b0-b05f-426250eac1ca,a6f1d8c3-6194-5804-ac16-a98cc205559d,7b58ae94-4c5f-5e65-8ad3-6937ced691ea,5779e150-82ca-52bb-8a95-0d09eb2d93b5,521c5f2b-a6fb-5add-ae44-913752a27cde,25.05.30-E-20601007186,evaluacion,2025-05-30,80.0,confiable,EVALUADO,completada
544905b5-459b-58ad-ae87-d60fb11824f1,a6f1d8c3-6194-5804-ac16-a98cc205559d,dec988ff-b416-53c9-a666-f6a5fde83db4,5779e150-82ca-52bb-8a95-0d09eb2d93b5,521c5f2b-a6fb-5add-ae44-913752a27cde,25.05.30-E-20602331084,evaluacion,2025-05-30,80.0,confiable,EVALUADO,completada
e890737e-b5cb-5109-8ce0-b92484ed148d,a6f1d8c3-6194-5804-ac16-a98cc205559d,c262f991-c591-519f-836e-3b91ae488817,5779e150-82ca-52bb-8a95-0d09eb2d93b5,521c5f2b-a6fb-5add-ae44-913752a27cde,25.05.30-E-20606130199,evaluacion,2025-05-30,85.0,confiable,EVALUADO,completada
a4cc9512-61d5-5558-b2ad-f795556c5af9,a6f1d8c3-6194-5804-ac16-a98cc205559d,80c31299-fdde-5bbf-8859-ca42d4ab1201,5779e150-82ca-52bb-8a95-0d09eb2d93b5,521c5f2b-a6fb-5add-ae44-913752a27cde,25.05.30-E-20604471711,evaluacion,2025-05-30,80.0,confiable,EVALUADO,completada
7838540e-ab19-59c2-a4e4-d758a0b92e1c,a6f1d8c3-6194-5804-ac16-a98cc205559d,d272531f-4069-53cd-917f-b997363dca7b,5779e150-82ca-52bb-8a95-0d09eb2d93b5,521c5f2b-a6fb-5add-ae44-913752a27cde,25.05.30-E-20548451117,evaluacion,2025-05-30,80.0,confiable,EVALUADO,completada
e11ead9c-8845-5ce8-bdad-fc9f6004a240,a6f1d8c3-6194-5804-ac16-a98cc205559d,fe5cee4a-4714-5af4-8b1a-20b47709339c,5779e150-82ca-52bb-8a95-0d09eb2d93b5,521c5f2b-a6fb-5add-ae44-913752a27cde,25.05.30-E-20512899511,evaluacion,2025-05-30,80.0,confiable,EVALUADO,completada
b91fc29e-11b4-59e9-895d-818a9f45e92c,a6f1d8c3-6194-5804-ac16-a98cc205559d,54811781-b96a-5772-bf03-7049ed13e066,5779e150-82ca-52bb-8a95-0d09eb2d93b5,521c5f2b-a6fb-5add-ae44-913752a27cde,25.05.30-E-20605026321,evaluacion,2025-05-30,80.0,confiable,EVALUADO,completada
beb3b3c3-fb43-5ab2-b045-76d009819d9e,a6f1d8c3-6194-5804-ac16-a98cc205559d,fe5cee4a-4714-5af4-8b1a-20b47709339c,5779e150-82ca-52bb-8a95-0d09eb2d93b5,521c5f2b-a6fb-5add-ae44-913752a27cde,24.12.01-E-20512899511,evaluacion,2024-12-01,80.0,confiable,EVALUADO,completada
44f998a8-dd9a-512a-8be0-9766d59db901,a6f1d8c3-6194-5804-ac16-a98cc205559d,d272531f-4069-53cd-917f-b997363dca7b,5779e150-82ca-52bb-8a95-0d09eb2d93b5,521c5f2b-a6fb-5add-ae44-913752a27cde,24.12.01-E-20548451117,evaluacion,2024-12-01,80.0,confiable,EVALUADO,completada
03682a05-cf64-5119-b55a-cb514aa1cdbb,a6f1d8c3-6194-5804-ac16-a98cc205559d,151c2821-1224-54e2-900d-b8862dcf6f66,5779e150-82ca-52bb-8a95-0d09eb2d93b5,521c5f2b-a6fb-5add-ae44-913752a27cde,24.12.01-E-20604471711,evaluacion,2024-12-01,80.0,confiable,EVALUADO,completada
188b9dcc-c374-50c1-9844-c4ee687fed78,a6f1d8c3-6194-5804-ac16-a98cc205559d,c262f991-c591-519f-836e-3b91ae488817,5779e150-82ca-52bb-8a95-0d09eb2d93b5,521c5f2b-a6fb-5add-ae44-913752a27cde,24.12.01-E-20606130199,evaluacion,2024-12-01,85.0,confiable,EVALUADO,completada
77dcfaa4-9c44-59e9-b4de-e50bab2bc400,a6f1d8c3-6194-5804-ac16-a98cc205559d,dec988ff-b416-53c9-a666-f6a5fde83db4,5779e150-82ca-52bb-8a95-0d09eb2d93b5,521c5f2b-a6fb-5add-ae44-913752a27cde,24.12.01-E-20602331084,evaluacion,2024-12-01,80.0,confiable,EVALUADO,completada
e1a5e16f-8a4f-54c6-930a-e064445dd85c,a6f1d8c3-6194-5804-ac16-a98cc205559d,7b58ae94-4c5f-5e65-8ad3-6937ced691ea,5779e150-82ca-52bb-8a95-0d09eb2d93b5,521c5f2b-a6fb-5add-ae44-913752a27cde,24.12.01-E-20601007186,evaluacion,2024-12-01,80.0,confiable,EVALUADO,completada
0e690b54-d646-51e3-b7f6-9b291643551a,a6f1d8c3-6194-5804-ac16-a98cc205559d,8c18c47a-6db3-535a-9660-536bc9548e9a,5779e150-82ca-52bb-8a95-0d09eb2d93b5,521c5f2b-a6fb-5add-ae44-913752a27cde,24.12.01-E-20604496838,evaluacion,2024-12-01,75.0,confiable,EVALUADO,completada
cfe2f31d-bd0d-5a56-bbdb-182a013d85a2,a6f1d8c3-6194-5804-ac16-a98cc205559d,50055674-c01b-5b40-9c5e-72821792b7ee,5779e150-82ca-52bb-8a95-0d09eb2d93b5,521c5f2b-a6fb-5add-ae44-913752a27cde,24.12.01-E-20601636086,evaluacion,2024-12-01,75.0,confiable,EVALUADO,completada
48838f2b-ecd0-5069-9891-7acccdaccf4d,a6f1d8c3-6194-5804-ac16-a98cc205559d,261aa791-6863-5fae-beff-b22f0108609c,5779e150-82ca-52bb-8a95-0d09eb2d93b5,521c5f2b-a6fb-5add-ae44-913752a27cde,24.12.01-E-20123301898,evaluacion,2024-12-01,75.0,confiable,EVALUADO,completada
18e43e58-aab4-5d25-8152-deb021f19eab,a6f1d8c3-6194-5804-ac16-a98cc205559d,69e4dde5-dba6-526d-94e9-a3d826e50eff,5779e150-82ca-52bb-8a95-0d09eb2d93b5,521c5f2b-a6fb-5add-ae44-913752a27cde,24.12.01-E-20610988114,evaluacion,2024-12-01,75.0,confiable,EVALUADO,completada
28cccccb-0641-5e30-8ad2-5f45e6bef449,a6f1d8c3-6194-5804-ac16-a98cc205559d,bc6d643b-0d38-501b-bde9-9a84b5d07a2e,5779e150-82ca-52bb-8a95-0d09eb2d93b5,521c5f2b-a6fb-5add-ae44-913752a27cde,24.12.01-E-20537321190,evaluacion,2024-12-01,75.0,confiable,EVALUADO,completada
64d15dd9-5557-5b06-a61c-0d9f471e63e6,a6f1d8c3-6194-5804-ac16-a98cc205559d,d5a8361a-e234-5038-ad1b-42c3abc8f6bc,5779e150-82ca-52bb-8a95-0d09eb2d93b5,521c5f2b-a6fb-5add-ae44-913752a27cde,25.06.06-E-20536689096,evaluacion,2025-06-06,75.0,confiable,EVALUADO,completada
cd5fc42a-f486-5e5a-a6bd-863d46bb17a0,a6f1d8c3-6194-5804-ac16-a98cc205559d,d5a8361a-e234-5038-ad1b-42c3abc8f6bc,5779e150-82ca-52bb-8a95-0d09eb2d93b5,521c5f2b-a6fb-5add-ae44-913752a27cde,24.12.05-E-20536689096,evaluacion,2024-12-05,75.0,confiable,EVALUADO,completada
93767ab7-c655-536e-b212-40f6b01cee04,a6f1d8c3-6194-5804-ac16-a98cc205559d,a2f80e04-02bf-505b-b2c0-ee3cdcdf0b95,5779e150-82ca-52bb-8a95-0d09eb2d93b5,521c5f2b-a6fb-5add-ae44-913752a27cde,24.12.01-E-20512255541,evaluacion,2024-12-01,75.0,confiable,EVALUADO,completada
3902bd81-ae4c-5971-ae12-e0b30deae39f,a6f1d8c3-6194-5804-ac16-a98cc205559d,d7a3920b-650b-5392-ae34-008dc7f40a96,5779e150-82ca-52bb-8a95-0d09eb2d93b5,521c5f2b-a6fb-5add-ae44-913752a27cde,24.12.02-E-10451426121,evaluacion,2024-12-02,75.0,confiable,EVALUADO,completada
508f9956-02cf-5db6-822f-2e6ab0d96226,a6f1d8c3-6194-5804-ac16-a98cc205559d,95681b3e-500b-5fd6-9751-404adf9d432a,5779e150-82ca-52bb-8a95-0d09eb2d93b5,6f811197-a8f6-5a82-88f4-8dff77299da9,24.10.15-E-20602413901,evaluacion,2024-10-15,75.0,confiable,EVALUADO,completada
d23273ad-19cb-525a-8112-83d3e83e1f71,a6f1d8c3-6194-5804-ac16-a98cc205559d,3879794b-cb0a-5bb7-91b6-19f1092174b7,5779e150-82ca-52bb-8a95-0d09eb2d93b5,521c5f2b-a6fb-5add-ae44-913752a27cde,25.06.03-E-20538027961,evaluacion,2025-06-03,80.0,confiable,EVALUADO,completada
a95123f7-4949-5b13-a965-786ceab48c1d,a6f1d8c3-6194-5804-ac16-a98cc205559d,75377caf-f094-5c63-baaf-55ca08ddd3a2,5779e150-82ca-52bb-8a95-0d09eb2d93b5,521c5f2b-a6fb-5add-ae44-913752a27cde,24.12.05-E-20538027961,evaluacion,2024-12-05,80.0,confiable,EVALUADO,completada
ecc08371-8af0-504d-9b8d-e539fddf127b,a6f1d8c3-6194-5804-ac16-a98cc205559d,54811781-b96a-5772-bf03-7049ed13e066,5779e150-82ca-52bb-8a95-0d09eb2d93b5,521c5f2b-a6fb-5add-ae44-913752a27cde,24.06.04-E-20605026321,evaluacion,2024-06-04,80.0,confiable,EVALUADO,completada
ef949857-6b71-596e-a6df-112aebbbc41d,a6f1d8c3-6194-5804-ac16-a98cc205559d,54811781-b96a-5772-bf03-7049ed13e066,808210af-a9b1-5943-b5f5-42d906b67508,521c5f2b-a6fb-5add-ae44-913752a27cde,24.06.04-S-20605026321,seleccion,2024-06-04,65.0,medianamente_confiable,,completada
8319ac57-7bc4-55d8-bd2b-fce48745e8d8,a6f1d8c3-6194-5804-ac16-a98cc205559d,fe5cee4a-4714-5af4-8b1a-20b47709339c,808210af-a9b1-5943-b5f5-42d906b67508,521c5f2b-a6fb-5add-ae44-913752a27cde,24.06.04-S-20512899511,seleccion,2024-06-04,90.0,confiable,,completada
3942f5a8-a9b1-5271-b97c-097fef611db7,a6f1d8c3-6194-5804-ac16-a98cc205559d,fe5cee4a-4714-5af4-8b1a-20b47709339c,5779e150-82ca-52bb-8a95-0d09eb2d93b5,521c5f2b-a6fb-5add-ae44-913752a27cde,24.06.04-E-20512899511,evaluacion,2024-06-04,90.0,confiable,EVALUADO,completada
0ed5b4ab-2e49-5516-9449-12a586bd4146,a6f1d8c3-6194-5804-ac16-a98cc205559d,38892428-8e39-5414-8a46-4f569b9ef372,5779e150-82ca-52bb-8a95-0d09eb2d93b5,521c5f2b-a6fb-5add-ae44-913752a27cde,24.10.15-E-20601677556,evaluacion,2024-10-15,75.0,confiable,EVALUADO,completada
bdf69695-1cd3-50c6-84ef-97fbcdbd9bab,a6f1d8c3-6194-5804-ac16-a98cc205559d,38892428-8e39-5414-8a46-4f569b9ef372,808210af-a9b1-5943-b5f5-42d906b67508,521c5f2b-a6fb-5add-ae44-913752a27cde,24.10.15-S-20601677556,seleccion,2024-10-15,80.0,confiable,,completada
71bae19a-a202-5ebf-8e96-0534d0b50cb0,a6f1d8c3-6194-5804-ac16-a98cc205559d,178ad169-e394-5ef4-9878-5a1700e92f81,5779e150-82ca-52bb-8a95-0d09eb2d93b5,521c5f2b-a6fb-5add-ae44-913752a27cde,25.06.03-E-20101156631,evaluacion,2025-06-03,80.0,confiable,EVALUADO,completada
63ada175-1340-5ded-89d9-502ab7b443b7,a6f1d8c3-6194-5804-ac16-a98cc205559d,178ad169-e394-5ef4-9878-5a1700e92f81,5779e150-82ca-52bb-8a95-0d09eb2d93b5,521c5f2b-a6fb-5add-ae44-913752a27cde,24.12.05-E-20101156631,evaluacion,2024-12-05,80.0,confiable,EVALUADO,completada
9ca19795-22d8-5086-af78-000a32dcef75,a6f1d8c3-6194-5804-ac16-a98cc205559d,178ad169-e394-5ef4-9878-5a1700e92f81,808210af-a9b1-5943-b5f5-42d906b67508,ac5d6441-8769-529d-b6ea-832b1aed65fa,24.12.05-S-20101156631,seleccion,2024-12-05,65.0,medianamente_confiable,,completada
db474916-47dc-5950-a68c-bc9149a63385,a6f1d8c3-6194-5804-ac16-a98cc205559d,c9363c90-929b-53d0-84b0-1f29c5a3d303,5779e150-82ca-52bb-8a95-0d09eb2d93b5,521c5f2b-a6fb-5add-ae44-913752a27cde,24.09.17-E-20606012366,evaluacion,2024-09-17,90.0,confiable,EVALUADO,completada
b45f167c-e039-52c7-a3f6-86fe7d14d224,a6f1d8c3-6194-5804-ac16-a98cc205559d,c9363c90-929b-53d0-84b0-1f29c5a3d303,808210af-a9b1-5943-b5f5-42d906b67508,521c5f2b-a6fb-5add-ae44-913752a27cde,24.09.17-S-20606012366,seleccion,2024-09-17,85.0,confiable,,completada
2c5ba23e-0011-5da2-90b9-07e1a79f5708,a6f1d8c3-6194-5804-ac16-a98cc205559d,d272531f-4069-53cd-917f-b997363dca7b,808210af-a9b1-5943-b5f5-42d906b67508,521c5f2b-a6fb-5add-ae44-913752a27cde,24.06.04-S-20548451117,seleccion,2024-06-04,90.0,confiable,,completada
5ab9724e-3fa5-5bb1-b5ac-4b1354c1897b,a6f1d8c3-6194-5804-ac16-a98cc205559d,d272531f-4069-53cd-917f-b997363dca7b,5779e150-82ca-52bb-8a95-0d09eb2d93b5,521c5f2b-a6fb-5add-ae44-913752a27cde,24.06.04-E-20548451117,evaluacion,2024-06-04,90.0,confiable,EVALUADO,completada
6eb59932-d5c4-53ec-a60f-563306fdf34f,a6f1d8c3-6194-5804-ac16-a98cc205559d,edc676d6-b1c0-51fb-8e6e-b86a8e6a4b7b,5779e150-82ca-52bb-8a95-0d09eb2d93b5,521c5f2b-a6fb-5add-ae44-913752a27cde,24.09.17-E-20510108761,evaluacion,2024-09-17,75.0,confiable,EVALUADO,completada
3d3f0138-aac6-5dee-b08f-3a046221d510,a6f1d8c3-6194-5804-ac16-a98cc205559d,edc676d6-b1c0-51fb-8e6e-b86a8e6a4b7b,808210af-a9b1-5943-b5f5-42d906b67508,521c5f2b-a6fb-5add-ae44-913752a27cde,24.09.17-S-20510108761,seleccion,2024-09-17,65.0,medianamente_confiable,,completada
ac38f63e-1847-5c4c-8a69-eaef268d95ce,a6f1d8c3-6194-5804-ac16-a98cc205559d,f9a3cc43-9f45-5a6f-8cf3-74d104038bc9,5779e150-82ca-52bb-8a95-0d09eb2d93b5,521c5f2b-a6fb-5add-ae44-913752a27cde,24.09.17-E-20523911644,evaluacion,2024-09-17,80.0,confiable,EVALUADO,completada
9a799653-f1dc-5943-993f-e5a4f43d589e,a6f1d8c3-6194-5804-ac16-a98cc205559d,f9a3cc43-9f45-5a6f-8cf3-74d104038bc9,808210af-a9b1-5943-b5f5-42d906b67508,521c5f2b-a6fb-5add-ae44-913752a27cde,24.09.17-S-20523911644,seleccion,2024-09-17,65.0,medianamente_confiable,,completada
8deaefe3-bc85-5d5d-ae3f-94a0618e1a2d,a6f1d8c3-6194-5804-ac16-a98cc205559d,2cc03fbb-42d3-5be7-a562-fc6dd4eb924a,5779e150-82ca-52bb-8a95-0d09eb2d93b5,521c5f2b-a6fb-5add-ae44-913752a27cde,24.10.02-E-20611031999,evaluacion,2024-10-02,75.0,confiable,EVALUADO,completada
075a2453-3bda-57ac-a80a-9118ec14a6f4,a6f1d8c3-6194-5804-ac16-a98cc205559d,2cc03fbb-42d3-5be7-a562-fc6dd4eb924a,808210af-a9b1-5943-b5f5-42d906b67508,521c5f2b-a6fb-5add-ae44-913752a27cde,24.10.02-S-20611031999,seleccion,2024-10-02,80.0,confiable,,completada
f3b5368f-b73f-5af0-8243-005bf07cfbf9,a6f1d8c3-6194-5804-ac16-a98cc205559d,7f49d84b-4114-5ed4-9e50-755ee2eb13c5,5779e150-82ca-52bb-8a95-0d09eb2d93b5,521c5f2b-a6fb-5add-ae44-913752a27cde,25.07.25-E-20606208554,evaluacion,2025-07-25,80.0,confiable,EVALUADO,completada
91f642ed-76f3-5222-bf58-6777cbe8eb7e,a6f1d8c3-6194-5804-ac16-a98cc205559d,7f49d84b-4114-5ed4-9e50-755ee2eb13c5,5779e150-82ca-52bb-8a95-0d09eb2d93b5,521c5f2b-a6fb-5add-ae44-913752a27cde,25.01.26-E-20606208554,evaluacion,2025-01-26,80.0,confiable,EVALUADO,completada
c6234085-40f9-5a2e-aed9-e0d9e7c3806b,a6f1d8c3-6194-5804-ac16-a98cc205559d,03e7290b-89db-53d5-b474-943057605c65,5779e150-82ca-52bb-8a95-0d09eb2d93b5,5233abd8-7ec4-595a-b65c-3694e9741f19,24.10.15-E-20452587182,evaluacion,2024-10-15,75.0,confiable,EVALUADO,completada
829194b5-dae2-55ca-86e8-19bfb376005b,a6f1d8c3-6194-5804-ac16-a98cc205559d,314bd751-cafa-5cbc-82f9-faccdd211fdb,5779e150-82ca-52bb-8a95-0d09eb2d93b5,521c5f2b-a6fb-5add-ae44-913752a27cde,24.09.17-E-20555570474,evaluacion,2024-09-17,80.0,confiable,EVALUADO,completada
32f920f3-19a6-540f-85da-6bde5f38d6a5,a6f1d8c3-6194-5804-ac16-a98cc205559d,314bd751-cafa-5cbc-82f9-faccdd211fdb,808210af-a9b1-5943-b5f5-42d906b67508,521c5f2b-a6fb-5add-ae44-913752a27cde,24.09.17-S-20555570474,seleccion,2024-09-17,75.0,confiable,,completada
06b1ffa4-7559-5d42-9491-d221a74f498a,a6f1d8c3-6194-5804-ac16-a98cc205559d,d11d8d9e-6909-587f-b125-93c190199c78,5779e150-82ca-52bb-8a95-0d09eb2d93b5,521c5f2b-a6fb-5add-ae44-913752a27cde,24.06.08-E-20605815155,evaluacion,2024-06-08,75.0,confiable,EVALUADO,completada
078d41e4-b272-5181-adf3-acd4f37720f5,a6f1d8c3-6194-5804-ac16-a98cc205559d,d11d8d9e-6909-587f-b125-93c190199c78,808210af-a9b1-5943-b5f5-42d906b67508,521c5f2b-a6fb-5add-ae44-913752a27cde,24.06.08-S-20605815155,seleccion,2024-06-08,75.0,confiable,,completada
57d09867-028f-54b2-8825-8a17822c5e6e,a6f1d8c3-6194-5804-ac16-a98cc205559d,6c7e56fe-0e05-5ec1-8786-44328003f521,5779e150-82ca-52bb-8a95-0d09eb2d93b5,521c5f2b-a6fb-5add-ae44-913752a27cde,25.05.26-E-20261239923,evaluacion,2025-05-26,75.0,confiable,EVALUADO,completada
bad44611-c5f9-5ff8-9c20-dd106292f00f,a6f1d8c3-6194-5804-ac16-a98cc205559d,6c7e56fe-0e05-5ec1-8786-44328003f521,5779e150-82ca-52bb-8a95-0d09eb2d93b5,521c5f2b-a6fb-5add-ae44-913752a27cde,24.11.18-E-20261239923,evaluacion,2024-11-18,75.0,confiable,EVALUADO,completada
e0bb2487-4aca-5462-8856-751c1bd041ea,a6f1d8c3-6194-5804-ac16-a98cc205559d,6c7e56fe-0e05-5ec1-8786-44328003f521,808210af-a9b1-5943-b5f5-42d906b67508,521c5f2b-a6fb-5add-ae44-913752a27cde,24.11.18-S-20261239923,seleccion,2024-11-18,75.0,confiable,,completada
11a5efb4-fd78-54e4-9c0c-2fff269870ce,a6f1d8c3-6194-5804-ac16-a98cc205559d,3258a17f-626f-5b18-90ad-42dee90e4bcd,5779e150-82ca-52bb-8a95-0d09eb2d93b5,521c5f2b-a6fb-5add-ae44-913752a27cde,24.09.16-E-20602530010,evaluacion,2024-09-16,85.0,confiable,EVALUADO,completada
c0171801-0ad7-52f5-9d7a-5a13bc50a448,a6f1d8c3-6194-5804-ac16-a98cc205559d,3258a17f-626f-5b18-90ad-42dee90e4bcd,808210af-a9b1-5943-b5f5-42d906b67508,521c5f2b-a6fb-5add-ae44-913752a27cde,24.09.16-S-20602530010,seleccion,2024-09-16,80.0,confiable,,completada
6d8dbaf8-a1f9-5dde-b487-0208c25e7040,a6f1d8c3-6194-5804-ac16-a98cc205559d,5e52fd11-c8e7-565c-8fad-85888f5b1a3c,5779e150-82ca-52bb-8a95-0d09eb2d93b5,6f811197-a8f6-5a82-88f4-8dff77299da9,25.05.17-E-20535101320,evaluacion,2025-05-17,80.0,confiable,EVALUADO,completada
e4a41ce2-f721-5cb3-8157-47a6ab829f12,a6f1d8c3-6194-5804-ac16-a98cc205559d,5e52fd11-c8e7-565c-8fad-85888f5b1a3c,5779e150-82ca-52bb-8a95-0d09eb2d93b5,6f811197-a8f6-5a82-88f4-8dff77299da9,24.11.18-E-20535101320,evaluacion,2024-11-18,80.0,confiable,EVALUADO,completada
84fa1ada-753a-5e1d-acf6-cd9f0b49a1d1,a6f1d8c3-6194-5804-ac16-a98cc205559d,5e52fd11-c8e7-565c-8fad-85888f5b1a3c,808210af-a9b1-5943-b5f5-42d906b67508,521c5f2b-a6fb-5add-ae44-913752a27cde,24.11.18-S-20535101320,seleccion,2024-11-18,90.0,confiable,,completada
65d832a1-ba24-57c2-ba68-b5a8115f2361,a6f1d8c3-6194-5804-ac16-a98cc205559d,a0350c96-5c5b-5497-a0f8-05897071fe6b,808210af-a9b1-5943-b5f5-42d906b67508,521c5f2b-a6fb-5add-ae44-913752a27cde,24.06.04-S-20602144420,seleccion,2024-06-04,85.0,confiable,,completada
2d9292ea-d13c-512d-b8b8-4044f05bda5d,a6f1d8c3-6194-5804-ac16-a98cc205559d,399c7535-4c56-597a-a4bb-07b085bb6c0f,5779e150-82ca-52bb-8a95-0d09eb2d93b5,521c5f2b-a6fb-5add-ae44-913752a27cde,24.09.16-E-20600537190,evaluacion,2024-09-16,90.0,confiable,EVALUADO,completada
2fd631dd-ed88-5cc4-b745-f34f9dbd991c,a6f1d8c3-6194-5804-ac16-a98cc205559d,399c7535-4c56-597a-a4bb-07b085bb6c0f,808210af-a9b1-5943-b5f5-42d906b67508,521c5f2b-a6fb-5add-ae44-913752a27cde,24.09.16-S-20600537190,seleccion,2024-09-16,85.0,confiable,,completada
51afe06c-af14-5b59-8d19-96a866b5b13e,a6f1d8c3-6194-5804-ac16-a98cc205559d,52ea785a-7288-55a6-aeb3-edcdc76129ab,5779e150-82ca-52bb-8a95-0d09eb2d93b5,5233abd8-7ec4-595a-b65c-3694e9741f19,24.09.23-E-20155945860,evaluacion,2024-09-23,80.0,confiable,EVALUADO,completada
dc64e10f-ce75-5985-bd23-9e6af4d507c6,a6f1d8c3-6194-5804-ac16-a98cc205559d,52ea785a-7288-55a6-aeb3-edcdc76129ab,808210af-a9b1-5943-b5f5-42d906b67508,5233abd8-7ec4-595a-b65c-3694e9741f19,24.09.23-S-20155945860,seleccion,2024-09-23,80.0,confiable,,completada
760470af-ea30-5fab-90c0-c714742bd868,a6f1d8c3-6194-5804-ac16-a98cc205559d,fd8e208a-a94a-5937-8cbc-e19dd8b95e73,5779e150-82ca-52bb-8a95-0d09eb2d93b5,521c5f2b-a6fb-5add-ae44-913752a27cde,24.09.17-E-2060692738,evaluacion,2024-09-17,80.0,confiable,EVALUADO,completada
fcf780da-d796-5f50-a885-8bd5b950717a,a6f1d8c3-6194-5804-ac16-a98cc205559d,fd8e208a-a94a-5937-8cbc-e19dd8b95e73,808210af-a9b1-5943-b5f5-42d906b67508,521c5f2b-a6fb-5add-ae44-913752a27cde,24.09.17-S-2060692738,seleccion,2024-09-17,65.0,medianamente_confiable,,completada
c4c5fe06-4959-5073-ae2f-3bb6bd8d8fd7,a6f1d8c3-6194-5804-ac16-a98cc205559d,25ba258d-74f2-5917-99e0-613c6347b57a,5779e150-82ca-52bb-8a95-0d09eb2d93b5,ac5d6441-8769-529d-b6ea-832b1aed65fa,24.10.15-E-20600516966,evaluacion,2024-10-15,75.0,confiable,EVALUADO,completada
65ca8e7b-c1a6-58ff-9df1-ae5cae68d475,a6f1d8c3-6194-5804-ac16-a98cc205559d,25ba258d-74f2-5917-99e0-613c6347b57a,808210af-a9b1-5943-b5f5-42d906b67508,ac5d6441-8769-529d-b6ea-832b1aed65fa,24.10.15-S-20600516966,seleccion,2024-10-15,65.0,medianamente_confiable,,completada
024dda87-fdf3-5332-b9e6-771fb516fda7,a6f1d8c3-6194-5804-ac16-a98cc205559d,893049e5-4003-50d6-883c-908aba7e79f6,5779e150-82ca-52bb-8a95-0d09eb2d93b5,521c5f2b-a6fb-5add-ae44-913752a27cde,24.09.17-E-20521937531,evaluacion,2024-09-17,85.0,confiable,EVALUADO,completada
f3e06a06-9cc4-5503-a4d4-b90d511e25af,a6f1d8c3-6194-5804-ac16-a98cc205559d,893049e5-4003-50d6-883c-908aba7e79f6,808210af-a9b1-5943-b5f5-42d906b67508,521c5f2b-a6fb-5add-ae44-913752a27cde,24.09.17-S-20521937531,seleccion,2024-09-17,85.0,confiable,,completada
a4d827e9-d5c4-5317-b779-cc763593e7ed,a6f1d8c3-6194-5804-ac16-a98cc205559d,d11d103d-2ef3-5e6d-be8e-36bfea0948fc,5779e150-82ca-52bb-8a95-0d09eb2d93b5,521c5f2b-a6fb-5add-ae44-913752a27cde,24.09.16-E-20296550222,evaluacion,2024-09-16,75.0,confiable,EVALUADO,completada
4b901ce7-6d50-567c-958f-ee02e66bbca9,a6f1d8c3-6194-5804-ac16-a98cc205559d,d11d103d-2ef3-5e6d-be8e-36bfea0948fc,808210af-a9b1-5943-b5f5-42d906b67508,521c5f2b-a6fb-5add-ae44-913752a27cde,24.09.16-S-20296550222,seleccion,2024-09-16,80.0,confiable,,completada
85cc9fa5-9851-5972-9ce0-4af1627daa85,a6f1d8c3-6194-5804-ac16-a98cc205559d,31d9579d-b37a-5ab9-81fe-a70eb9371763,5779e150-82ca-52bb-8a95-0d09eb2d93b5,6f811197-a8f6-5a82-88f4-8dff77299da9,24.10.28-E-10214448195,evaluacion,2024-10-28,85.0,confiable,EVALUADO,completada
b8fc3398-3254-576d-899d-9e64cc362c68,a6f1d8c3-6194-5804-ac16-a98cc205559d,4721d0a4-5a02-5555-bc60-4e3cff219b49,5779e150-82ca-52bb-8a95-0d09eb2d93b5,521c5f2b-a6fb-5add-ae44-913752a27cde,25.06.03-E-20604995486,evaluacion,2025-06-03,75.0,confiable,EVALUADO,completada
8b3344dc-a19d-59cd-906b-6a03ef2725c8,a6f1d8c3-6194-5804-ac16-a98cc205559d,4721d0a4-5a02-5555-bc60-4e3cff219b49,5779e150-82ca-52bb-8a95-0d09eb2d93b5,521c5f2b-a6fb-5add-ae44-913752a27cde,24.12.05-E-20604995486,evaluacion,2024-12-05,75.0,confiable,EVALUADO,completada
a025f575-8df8-56c5-81fc-c6f029e49073,a6f1d8c3-6194-5804-ac16-a98cc205559d,151c2821-1224-54e2-900d-b8862dcf6f66,5779e150-82ca-52bb-8a95-0d09eb2d93b5,521c5f2b-a6fb-5add-ae44-913752a27cde,24.06.04-E-20604471711,evaluacion,2024-06-04,80.0,confiable,EVALUADO,completada
b6cef1ad-48b8-5e82-980b-582de0339434,a6f1d8c3-6194-5804-ac16-a98cc205559d,151c2821-1224-54e2-900d-b8862dcf6f66,808210af-a9b1-5943-b5f5-42d906b67508,521c5f2b-a6fb-5add-ae44-913752a27cde,24.06.04-S-20604471711,seleccion,2024-06-04,65.0,medianamente_confiable,,completada
bf04b9bf-9edf-5c7d-84fb-25d8fb5e1fec,a6f1d8c3-6194-5804-ac16-a98cc205559d,79ffecd2-8963-509a-889a-91f6d6892d32,5779e150-82ca-52bb-8a95-0d09eb2d93b5,521c5f2b-a6fb-5add-ae44-913752a27cde,24.06.05-E-20555779276,evaluacion,2024-06-05,90.0,confiable,EVALUADO,completada
8392c196-6e0d-5631-be52-1c848ba432f5,a6f1d8c3-6194-5804-ac16-a98cc205559d,79ffecd2-8963-509a-889a-91f6d6892d32,808210af-a9b1-5943-b5f5-42d906b67508,521c5f2b-a6fb-5add-ae44-913752a27cde,24.06.05-S-20555779276,seleccion,2024-06-05,90.0,confiable,,completada
3bed89f8-732d-5711-bc35-6fbaf11d9fdc,a6f1d8c3-6194-5804-ac16-a98cc205559d,c262f991-c591-519f-836e-3b91ae488817,5779e150-82ca-52bb-8a95-0d09eb2d93b5,521c5f2b-a6fb-5add-ae44-913752a27cde,24.06.04-E-20606130199,evaluacion,2024-06-04,90.0,confiable,EVALUADO,completada
04be3fa1-1421-5378-b140-2b67992426c5,a6f1d8c3-6194-5804-ac16-a98cc205559d,c262f991-c591-519f-836e-3b91ae488817,808210af-a9b1-5943-b5f5-42d906b67508,521c5f2b-a6fb-5add-ae44-913752a27cde,24.06.04-S-20606130199,seleccion,2024-06-04,75.0,confiable,,completada
d3f3f2d4-05c2-5a67-ba81-96042b436ac1,a6f1d8c3-6194-5804-ac16-a98cc205559d,fb1c043c-571d-5f6a-b0db-04ff5bd072f6,5779e150-82ca-52bb-8a95-0d09eb2d93b5,521c5f2b-a6fb-5add-ae44-913752a27cde,24.09.23-E-20521151324,evaluacion,2024-09-23,80.0,confiable,EVALUADO,completada
4320d370-5de7-596c-a74a-e57c8904180e,a6f1d8c3-6194-5804-ac16-a98cc205559d,fb1c043c-571d-5f6a-b0db-04ff5bd072f6,808210af-a9b1-5943-b5f5-42d906b67508,521c5f2b-a6fb-5add-ae44-913752a27cde,24.09.23-S-20521151324,seleccion,2024-09-23,85.0,confiable,,completada
3d0b0c45-b536-59c3-b57b-3b02db13aa6f,a6f1d8c3-6194-5804-ac16-a98cc205559d,dec988ff-b416-53c9-a666-f6a5fde83db4,5779e150-82ca-52bb-8a95-0d09eb2d93b5,521c5f2b-a6fb-5add-ae44-913752a27cde,24.06.04-E-20602331084,evaluacion,2024-06-04,75.0,confiable,EVALUADO,completada
234e7c73-ffc9-54cd-8cc1-0aa4da7e7807,a6f1d8c3-6194-5804-ac16-a98cc205559d,dec988ff-b416-53c9-a666-f6a5fde83db4,808210af-a9b1-5943-b5f5-42d906b67508,521c5f2b-a6fb-5add-ae44-913752a27cde,24.06.04-S-20602331084,seleccion,2024-06-04,75.0,confiable,,completada
9894ceb4-8957-5319-bd38-328aa44c7e67,a6f1d8c3-6194-5804-ac16-a98cc205559d,7b58ae94-4c5f-5e65-8ad3-6937ced691ea,808210af-a9b1-5943-b5f5-42d906b67508,521c5f2b-a6fb-5add-ae44-913752a27cde,24.06.04-S-20601007186,seleccion,2024-06-04,75.0,confiable,,completada
a827e7d6-e1da-5859-9397-4709e653ab1b,a6f1d8c3-6194-5804-ac16-a98cc205559d,7b58ae94-4c5f-5e65-8ad3-6937ced691ea,5779e150-82ca-52bb-8a95-0d09eb2d93b5,521c5f2b-a6fb-5add-ae44-913752a27cde,24.06.04-E-20601007186,evaluacion,2024-06-04,80.0,confiable,EVALUADO,completada
598015c7-8434-5b0e-8f1a-66ff018cd3c5,a6f1d8c3-6194-5804-ac16-a98cc205559d,a6239ba5-b246-5230-bac9-2c21c6f81c0b,5779e150-82ca-52bb-8a95-0d09eb2d93b5,521c5f2b-a6fb-5add-ae44-913752a27cde,25.05.03-E-20565620011,evaluacion,2025-05-03,80.0,confiable,EVALUADO,completada
599cb738-bea3-54c5-9abc-ce4b816f3a6e,a6f1d8c3-6194-5804-ac16-a98cc205559d,0bd3f2b1-d879-58d2-8d63-5e032a19afbf,5779e150-82ca-52bb-8a95-0d09eb2d93b5,6f811197-a8f6-5a82-88f4-8dff77299da9,24.11.04-E-20565620011,evaluacion,2024-11-04,80.0,confiable,EVALUADO,completada
06f69774-77cc-5193-93af-0a511bd603f3,a6f1d8c3-6194-5804-ac16-a98cc205559d,8e803f65-af16-56ca-8101-9f4153ff3fe7,5779e150-82ca-52bb-8a95-0d09eb2d93b5,521c5f2b-a6fb-5add-ae44-913752a27cde,24.09.23-E-20100862132,evaluacion,2024-09-23,75.0,confiable,EVALUADO,completada
90c8c32f-ceb3-528c-bbd1-c335b7ffc29e,a6f1d8c3-6194-5804-ac16-a98cc205559d,8e803f65-af16-56ca-8101-9f4153ff3fe7,808210af-a9b1-5943-b5f5-42d906b67508,521c5f2b-a6fb-5add-ae44-913752a27cde,24.09.17-S-20100862132,seleccion,2024-09-17,75.0,confiable,,completada
326b791f-085f-5f47-acea-938f0a7c53ba,a6f1d8c3-6194-5804-ac16-a98cc205559d,5e2dcb78-ca11-5d19-9cfc-a5d10c118574,5779e150-82ca-52bb-8a95-0d09eb2d93b5,521c5f2b-a6fb-5add-ae44-913752a27cde,25.06.03-E-10211220185,evaluacion,2025-06-03,80.0,confiable,EVALUADO,completada
a4dae9d3-8bb3-5269-b88e-451c39ba0629,a6f1d8c3-6194-5804-ac16-a98cc205559d,f8b499c3-07fb-54d8-a601-a87cd461dc4a,5779e150-82ca-52bb-8a95-0d09eb2d93b5,521c5f2b-a6fb-5add-ae44-913752a27cde,24.12.05-E-10211220185,evaluacion,2024-12-05,80.0,confiable,EVALUADO,completada
d5155965-c4f2-5579-921d-96a63254cb16,a6f1d8c3-6194-5804-ac16-a98cc205559d,8c18c47a-6db3-535a-9660-536bc9548e9a,5779e150-82ca-52bb-8a95-0d09eb2d93b5,521c5f2b-a6fb-5add-ae44-913752a27cde,24.06.04-E-20604496838,evaluacion,2024-06-04,100.0,confiable,EVALUADO,completada
2425d264-a83f-5ff9-b9a4-76a2b0da832b,a6f1d8c3-6194-5804-ac16-a98cc205559d,8c18c47a-6db3-535a-9660-536bc9548e9a,808210af-a9b1-5943-b5f5-42d906b67508,521c5f2b-a6fb-5add-ae44-913752a27cde,24.06.04-S-20604496838,seleccion,2024-06-04,90.0,confiable,,completada
84f6a170-ff57-5e50-b8bc-b070f8ce2f8d,a6f1d8c3-6194-5804-ac16-a98cc205559d,b9e528e0-1904-53a1-ae6b-daef5ea54422,5779e150-82ca-52bb-8a95-0d09eb2d93b5,521c5f2b-a6fb-5add-ae44-913752a27cde,25.06.03-E-20609509997,evaluacion,2025-06-03,80.0,confiable,EVALUADO,completada
1addbaa5-5e35-59d9-8832-6bde04a59281,a6f1d8c3-6194-5804-ac16-a98cc205559d,7d1cf649-1fbc-59db-a3ac-f325d9f256a6,5779e150-82ca-52bb-8a95-0d09eb2d93b5,521c5f2b-a6fb-5add-ae44-913752a27cde,24.12.05-E-20609509997,evaluacion,2024-12-05,80.0,confiable,EVALUADO,completada
42c11e54-f2a3-5d28-852e-3faec4592d94,a6f1d8c3-6194-5804-ac16-a98cc205559d,50055674-c01b-5b40-9c5e-72821792b7ee,808210af-a9b1-5943-b5f5-42d906b67508,521c5f2b-a6fb-5add-ae44-913752a27cde,24.06.04-S-20601636086,seleccion,2024-06-04,90.0,confiable,,completada
658e7201-8305-5eb1-9fdd-74ee4d7ccb89,a6f1d8c3-6194-5804-ac16-a98cc205559d,50055674-c01b-5b40-9c5e-72821792b7ee,5779e150-82ca-52bb-8a95-0d09eb2d93b5,521c5f2b-a6fb-5add-ae44-913752a27cde,24.06.04-E-20601636086,evaluacion,2024-06-04,95.0,confiable,EVALUADO,completada
67a0b89c-3e45-570a-b12c-0ab9c4ab5d1e,a6f1d8c3-6194-5804-ac16-a98cc205559d,02527481-7e2d-59fd-b128-c63ac069990d,5779e150-82ca-52bb-8a95-0d09eb2d93b5,6f811197-a8f6-5a82-88f4-8dff77299da9,24.10.15-E-20535793612,evaluacion,2024-10-15,80.0,confiable,EVALUADO,completada
169b4d6d-3132-5b33-98e8-df930ef150dc,a6f1d8c3-6194-5804-ac16-a98cc205559d,06da9c00-783d-55cd-a43b-7943bbeb6087,5779e150-82ca-52bb-8a95-0d09eb2d93b5,ac5d6441-8769-529d-b6ea-832b1aed65fa,24.10.15-E-20609030420,evaluacion,2024-10-15,80.0,confiable,EVALUADO,completada
aa15aa0b-cddd-52c9-9041-2f7554fd5775,a6f1d8c3-6194-5804-ac16-a98cc205559d,06da9c00-783d-55cd-a43b-7943bbeb6087,808210af-a9b1-5943-b5f5-42d906b67508,ac5d6441-8769-529d-b6ea-832b1aed65fa,24.10.15-S-20609030420,seleccion,2024-10-15,80.0,confiable,,completada
3ff7d6fb-804b-5ff2-b45b-3457acea88f3,a6f1d8c3-6194-5804-ac16-a98cc205559d,9e7c6407-eea9-5e6c-91c5-acb89f0515c8,5779e150-82ca-52bb-8a95-0d09eb2d93b5,521c5f2b-a6fb-5add-ae44-913752a27cde,25.01.06-E-20601692393,evaluacion,2025-07-05,75.0,confiable,EVALUADO,completada
b065126f-0469-56d1-9c24-56ab4253bf6a,a6f1d8c3-6194-5804-ac16-a98cc205559d,9e7c6407-eea9-5e6c-91c5-acb89f0515c8,5779e150-82ca-52bb-8a95-0d09eb2d93b5,521c5f2b-a6fb-5add-ae44-913752a27cde,25.01.06-E-20601692393-2,evaluacion,2025-01-06,75.0,confiable,EVALUADO,completada
5f8a0324-8425-547a-9f5b-a9ac821d7634,a6f1d8c3-6194-5804-ac16-a98cc205559d,2dd43b72-7b0f-52f8-b670-5f5d2eef49b3,5779e150-82ca-52bb-8a95-0d09eb2d93b5,521c5f2b-a6fb-5add-ae44-913752a27cde,24.10.28-E-20608228447,evaluacion,2024-10-28,85.0,confiable,EVALUADO,completada
d27d4bb8-4361-5b17-894c-5a3d15dfee6d,a6f1d8c3-6194-5804-ac16-a98cc205559d,01509ffd-0a0c-579e-8aa0-e4990e92eefc,5779e150-82ca-52bb-8a95-0d09eb2d93b5,521c5f2b-a6fb-5add-ae44-913752a27cde,24.09.16-E-10086484710,evaluacion,2024-09-16,75.0,confiable,EVALUADO,completada
2cbd324f-f1ea-50cb-9ef0-c7c7af0a76e5,a6f1d8c3-6194-5804-ac16-a98cc205559d,01509ffd-0a0c-579e-8aa0-e4990e92eefc,808210af-a9b1-5943-b5f5-42d906b67508,521c5f2b-a6fb-5add-ae44-913752a27cde,24.09.16-S-10086484710,seleccion,2024-09-16,80.0,confiable,,completada
b3d4fdc1-e941-514f-aa44-1903be64e0e1,a6f1d8c3-6194-5804-ac16-a98cc205559d,012a83fc-fafd-5cad-8410-1279faccc846,5779e150-82ca-52bb-8a95-0d09eb2d93b5,521c5f2b-a6fb-5add-ae44-913752a27cde,24.09.17-E-20610058133,evaluacion,2024-09-17,90.0,confiable,EVALUADO,completada
ed63f673-e48f-5fbc-ba65-d44a3067b50f,a6f1d8c3-6194-5804-ac16-a98cc205559d,012a83fc-fafd-5cad-8410-1279faccc846,808210af-a9b1-5943-b5f5-42d906b67508,521c5f2b-a6fb-5add-ae44-913752a27cde,24.09.17-S-20610058133,seleccion,2024-09-17,80.0,confiable,,completada
4325a612-e20e-544d-b8d8-f6b30a4f8f74,a6f1d8c3-6194-5804-ac16-a98cc205559d,261aa791-6863-5fae-beff-b22f0108609c,808210af-a9b1-5943-b5f5-42d906b67508,521c5f2b-a6fb-5add-ae44-913752a27cde,24.06.04-S-20123301898,seleccion,2024-06-04,90.0,confiable,,completada
f35d05f9-1503-54a2-82e4-b30e7f015a3e,a6f1d8c3-6194-5804-ac16-a98cc205559d,261aa791-6863-5fae-beff-b22f0108609c,5779e150-82ca-52bb-8a95-0d09eb2d93b5,521c5f2b-a6fb-5add-ae44-913752a27cde,24.06.04-E-20123301898,evaluacion,2024-06-04,90.0,confiable,EVALUADO,completada
5992cc04-c705-5c2c-a8c4-98c0aefff2b9,a6f1d8c3-6194-5804-ac16-a98cc205559d,006ee080-39a9-5301-8da8-c882ebe9f750,5779e150-82ca-52bb-8a95-0d09eb2d93b5,5233abd8-7ec4-595a-b65c-3694e9741f19,24.10.02-E-20535120898,evaluacion,2024-10-02,75.0,confiable,EVALUADO,completada
399955c1-77ad-5ae1-836d-b5ffb4a2f6d7,a6f1d8c3-6194-5804-ac16-a98cc205559d,006ee080-39a9-5301-8da8-c882ebe9f750,808210af-a9b1-5943-b5f5-42d906b67508,5233abd8-7ec4-595a-b65c-3694e9741f19,24.10.02-S-20535120898,seleccion,2024-10-02,80.0,confiable,,completada
ffca92c2-e0df-59f8-8901-902364c23391,a6f1d8c3-6194-5804-ac16-a98cc205559d,69e4dde5-dba6-526d-94e9-a3d826e50eff,5779e150-82ca-52bb-8a95-0d09eb2d93b5,521c5f2b-a6fb-5add-ae44-913752a27cde,24.06.04-E-20610988114,evaluacion,2024-06-04,80.0,confiable,EVALUADO,completada
40d016f4-1edb-5f65-b351-0cebe9280c7a,a6f1d8c3-6194-5804-ac16-a98cc205559d,69e4dde5-dba6-526d-94e9-a3d826e50eff,808210af-a9b1-5943-b5f5-42d906b67508,521c5f2b-a6fb-5add-ae44-913752a27cde,24.06.04-S-20610988114,seleccion,2024-06-04,85.0,confiable,,completada
ad20c6ff-e26c-5317-9670-55970695f1cd,a6f1d8c3-6194-5804-ac16-a98cc205559d,2a3709c3-163c-5405-8672-30d531e07c1e,5779e150-82ca-52bb-8a95-0d09eb2d93b5,6f811197-a8f6-5a82-88f4-8dff77299da9,24.10.02-E-20603477490,evaluacion,2024-10-02,75.0,confiable,EVALUADO,completada
fd01ea90-350e-577c-8c47-07ff440c9148,a6f1d8c3-6194-5804-ac16-a98cc205559d,2a3709c3-163c-5405-8672-30d531e07c1e,808210af-a9b1-5943-b5f5-42d906b67508,6f811197-a8f6-5a82-88f4-8dff77299da9,24.10.02-S-20603477490,seleccion,2024-10-02,75.0,confiable,,completada
07cfba07-cfdc-56e5-8969-42fb539defe9,a6f1d8c3-6194-5804-ac16-a98cc205559d,bc6d643b-0d38-501b-bde9-9a84b5d07a2e,808210af-a9b1-5943-b5f5-42d906b67508,521c5f2b-a6fb-5add-ae44-913752a27cde,24.06.04-S-20537321190,seleccion,2024-06-04,75.0,confiable,,completada
42a153b0-06d2-501b-83b1-110f39d9035b,a6f1d8c3-6194-5804-ac16-a98cc205559d,bc6d643b-0d38-501b-bde9-9a84b5d07a2e,5779e150-82ca-52bb-8a95-0d09eb2d93b5,521c5f2b-a6fb-5add-ae44-913752a27cde,24.06.04-E-20537321190,evaluacion,2024-06-04,80.0,confiable,EVALUADO,completada
efa47132-5c5a-59cd-980e-cbf6c12d601e,a6f1d8c3-6194-5804-ac16-a98cc205559d,d909b377-212c-5397-8757-aa5c028c6fb3,5779e150-82ca-52bb-8a95-0d09eb2d93b5,6f811197-a8f6-5a82-88f4-8dff77299da9,24.10.15-E-20611155612,evaluacion,2024-10-15,75.0,confiable,EVALUADO,completada
509d05f6-fa30-5dfa-951b-6ebe73b7d61b,a6f1d8c3-6194-5804-ac16-a98cc205559d,1fa6b7cb-b5e8-50f4-a58f-f2f183feb6ea,5779e150-82ca-52bb-8a95-0d09eb2d93b5,521c5f2b-a6fb-5add-ae44-913752a27cde,24.09.23-E-20547958072,evaluacion,2024-09-23,85.0,confiable,EVALUADO,completada
398d404c-1f6e-58fd-afe9-83f0ac88521f,a6f1d8c3-6194-5804-ac16-a98cc205559d,1fa6b7cb-b5e8-50f4-a58f-f2f183feb6ea,808210af-a9b1-5943-b5f5-42d906b67508,521c5f2b-a6fb-5add-ae44-913752a27cde,24.09.23-S-20547958072,seleccion,2024-09-23,85.0,confiable,,completada
bec382e3-23cc-5f65-a535-60fc4e1c9b73,a6f1d8c3-6194-5804-ac16-a98cc205559d,f67f0448-d098-5331-a9e8-6ed9c2be5449,5779e150-82ca-52bb-8a95-0d09eb2d93b5,521c5f2b-a6fb-5add-ae44-913752a27cde,25.05.11-E-20565620011,evaluacion,2025-05-11,75.0,confiable,EVALUADO,completada
fbc2907d-f44d-5696-b73d-117272cbf369,a6f1d8c3-6194-5804-ac16-a98cc205559d,e5cf7d26-0824-5f97-9569-8c2477c2d706,5779e150-82ca-52bb-8a95-0d09eb2d93b5,521c5f2b-a6fb-5add-ae44-913752a27cde,24.11.12-E-20601484995,evaluacion,2024-11-12,75.0,confiable,EVALUADO,completada
df322899-8f7f-5c2d-9986-906d39e9e75c,a6f1d8c3-6194-5804-ac16-a98cc205559d,65780788-9ed6-568c-a0bf-5e453a090ca7,5779e150-82ca-52bb-8a95-0d09eb2d93b5,521c5f2b-a6fb-5add-ae44-913752a27cde,25.06.03-E-20603826974,evaluacion,2025-06-03,80.0,confiable,EVALUADO,completada
fa22feba-5419-5189-b770-7118f9a8ce21,a6f1d8c3-6194-5804-ac16-a98cc205559d,2238cee2-bfbe-58e9-9f21-aa767b86c461,5779e150-82ca-52bb-8a95-0d09eb2d93b5,521c5f2b-a6fb-5add-ae44-913752a27cde,24.12.05-E-20603826974,evaluacion,2024-12-05,80.0,confiable,EVALUADO,completada
300032e9-e21b-5f15-b8d3-d908062e6035,a6f1d8c3-6194-5804-ac16-a98cc205559d,ffd95493-d647-53f6-b9dc-2bc56e2829dd,5779e150-82ca-52bb-8a95-0d09eb2d93b5,521c5f2b-a6fb-5add-ae44-913752a27cde,25.07.25-E-20611155671,evaluacion,2025-07-25,75.0,confiable,EVALUADO,completada
725e17d4-17e9-51c6-8f1f-9ee1eec61eac,a6f1d8c3-6194-5804-ac16-a98cc205559d,ffd95493-d647-53f6-b9dc-2bc56e2829dd,5779e150-82ca-52bb-8a95-0d09eb2d93b5,521c5f2b-a6fb-5add-ae44-913752a27cde,25.01.26-E-20611155671,evaluacion,2025-01-26,85.0,confiable,EVALUADO,completada
b94b2382-ed47-56bc-a238-081254a59293,a6f1d8c3-6194-5804-ac16-a98cc205559d,b7d30df9-e275-5e0e-8456-795b0fa152b2,5779e150-82ca-52bb-8a95-0d09eb2d93b5,521c5f2b-a6fb-5add-ae44-913752a27cde,24.10.02-E-20609119617,evaluacion,2024-10-02,75.0,confiable,EVALUADO,completada
7ed82b43-0b1a-528e-88a6-9514cfa35c18,a6f1d8c3-6194-5804-ac16-a98cc205559d,b7d30df9-e275-5e0e-8456-795b0fa152b2,808210af-a9b1-5943-b5f5-42d906b67508,521c5f2b-a6fb-5add-ae44-913752a27cde,24.10.02-S-20609119617,seleccion,2024-10-02,80.0,confiable,,completada
adb27209-2393-55ad-b81c-fbb7205a5977,a6f1d8c3-6194-5804-ac16-a98cc205559d,d5a8361a-e234-5038-ad1b-42c3abc8f6bc,5779e150-82ca-52bb-8a95-0d09eb2d93b5,521c5f2b-a6fb-5add-ae44-913752a27cde,24.06.08-E-20536689096,evaluacion,2024-06-08,75.0,confiable,EVALUADO,completada
436fe9da-1c8f-55d7-aad1-8a42e95ab5c8,a6f1d8c3-6194-5804-ac16-a98cc205559d,d5a8361a-e234-5038-ad1b-42c3abc8f6bc,808210af-a9b1-5943-b5f5-42d906b67508,521c5f2b-a6fb-5add-ae44-913752a27cde,24.06.08-S-20536689096,seleccion,2024-06-08,75.0,confiable,,completada
d903d002-5d1a-5342-89ba-a885060f1c68,a6f1d8c3-6194-5804-ac16-a98cc205559d,5469fcd2-3960-51a6-812b-109382051246,5779e150-82ca-52bb-8a95-0d09eb2d93b5,521c5f2b-a6fb-5add-ae44-913752a27cde,24.09.17-E-20610052011,evaluacion,2024-09-17,85.0,confiable,EVALUADO,completada
12b58dcc-b481-566c-9938-46c881b34f87,a6f1d8c3-6194-5804-ac16-a98cc205559d,5469fcd2-3960-51a6-812b-109382051246,808210af-a9b1-5943-b5f5-42d906b67508,521c5f2b-a6fb-5add-ae44-913752a27cde,24.09.17-S-20610052011,seleccion,2024-09-17,85.0,confiable,,completada
ccf24671-6fc1-5282-91a0-2fadcd2654f6,a6f1d8c3-6194-5804-ac16-a98cc205559d,76eef151-907a-5270-b5c0-b1a5fe64e0cc,5779e150-82ca-52bb-8a95-0d09eb2d93b5,521c5f2b-a6fb-5add-ae44-913752a27cde,25.05.19-E-20600478509,evaluacion,2025-05-19,80.0,confiable,EVALUADO,completada
873f2023-d2ad-53c9-92f0-f7c21f0d5607,a6f1d8c3-6194-5804-ac16-a98cc205559d,a2cfb800-032a-5e1a-8014-47742217cf25,5779e150-82ca-52bb-8a95-0d09eb2d93b5,521c5f2b-a6fb-5add-ae44-913752a27cde,24.11.20-E-20600478509,evaluacion,2024-11-20,80.0,confiable,EVALUADO,completada
3ce25763-f95f-5d8f-939b-896ecb6484d7,a6f1d8c3-6194-5804-ac16-a98cc205559d,69d06010-9c23-54ed-9f84-d9d2f6ffae85,5779e150-82ca-52bb-8a95-0d09eb2d93b5,521c5f2b-a6fb-5add-ae44-913752a27cde,25.05.11-E-20602253687,evaluacion,2025-05-11,75.0,confiable,EVALUADO,completada
966d8395-1075-5554-9f94-f700cc5c004e,a6f1d8c3-6194-5804-ac16-a98cc205559d,69d06010-9c23-54ed-9f84-d9d2f6ffae85,5779e150-82ca-52bb-8a95-0d09eb2d93b5,521c5f2b-a6fb-5add-ae44-913752a27cde,24.11.12-E-20602253687,evaluacion,2024-11-12,75.0,confiable,EVALUADO,completada
6e67b15a-01d9-59ac-9fe1-539b058c244f,a6f1d8c3-6194-5804-ac16-a98cc205559d,69d06010-9c23-54ed-9f84-d9d2f6ffae85,808210af-a9b1-5943-b5f5-42d906b67508,521c5f2b-a6fb-5add-ae44-913752a27cde,24.11.12-S-20602253687,seleccion,2024-11-12,70.0,medianamente_confiable,,completada
0d55cf0b-1f4d-52e6-9366-baf0db1fdc35,a6f1d8c3-6194-5804-ac16-a98cc205559d,de9aad75-50b0-5b55-8533-2b2e93b468bd,5779e150-82ca-52bb-8a95-0d09eb2d93b5,521c5f2b-a6fb-5add-ae44-913752a27cde,25.07.25-E-20603039531,evaluacion,2025-07-25,85.0,confiable,EVALUADO,completada
4a758913-bfd8-5ae1-8b67-6cb77046fcb6,a6f1d8c3-6194-5804-ac16-a98cc205559d,de9aad75-50b0-5b55-8533-2b2e93b468bd,5779e150-82ca-52bb-8a95-0d09eb2d93b5,521c5f2b-a6fb-5add-ae44-913752a27cde,25.01.26-E-20603039531,evaluacion,2025-01-26,85.0,confiable,EVALUADO,completada
2a53a89a-ba2d-52f9-a566-af583cb3b874,a6f1d8c3-6194-5804-ac16-a98cc205559d,a2f80e04-02bf-505b-b2c0-ee3cdcdf0b95,5779e150-82ca-52bb-8a95-0d09eb2d93b5,521c5f2b-a6fb-5add-ae44-913752a27cde,24.06.04-E-20512255541,evaluacion,2024-06-04,90.0,confiable,EVALUADO,completada
496ff36e-a8cb-5747-8dc6-e6feee764c64,a6f1d8c3-6194-5804-ac16-a98cc205559d,a2f80e04-02bf-505b-b2c0-ee3cdcdf0b95,808210af-a9b1-5943-b5f5-42d906b67508,521c5f2b-a6fb-5add-ae44-913752a27cde,24.06.04-S-20512255541,seleccion,2024-06-04,90.0,confiable,,completada
71ca71b2-748e-577d-b050-5da81f94e05a,a6f1d8c3-6194-5804-ac16-a98cc205559d,d1873603-b7a2-5dc1-88d2-17e3d2d9b8cc,5779e150-82ca-52bb-8a95-0d09eb2d93b5,521c5f2b-a6fb-5add-ae44-913752a27cde,24.09.16-E-20611225262,evaluacion,2024-09-16,80.0,confiable,EVALUADO,completada
76b04cb8-9063-5a4d-90e1-951e0096d898,a6f1d8c3-6194-5804-ac16-a98cc205559d,d7a3920b-650b-5392-ae34-008dc7f40a96,5779e150-82ca-52bb-8a95-0d09eb2d93b5,521c5f2b-a6fb-5add-ae44-913752a27cde,24.06.05-E-10451426121,evaluacion,2024-06-05,75.0,confiable,EVALUADO,completada
9748a2fb-db51-5e58-8881-7a2859d81630,a6f1d8c3-6194-5804-ac16-a98cc205559d,d7a3920b-650b-5392-ae34-008dc7f40a96,808210af-a9b1-5943-b5f5-42d906b67508,521c5f2b-a6fb-5add-ae44-913752a27cde,24.06.05-S-10451426121,seleccion,2024-06-05,75.0,confiable,,completada
7684e2da-64d3-55be-99bd-2de32d0ece70,a6f1d8c3-6194-5804-ac16-a98cc205559d,a400dde0-76c9-5777-b331-206b8712d500,5779e150-82ca-52bb-8a95-0d09eb2d93b5,521c5f2b-a6fb-5add-ae44-913752a27cde,25.01.06-E-20601334497,evaluacion,2025-07-25,80.0,confiable,EVALUADO,completada
193992d0-a4cd-53a2-8805-a37887df7c81,a6f1d8c3-6194-5804-ac16-a98cc205559d,a400dde0-76c9-5777-b331-206b8712d500,5779e150-82ca-52bb-8a95-0d09eb2d93b5,521c5f2b-a6fb-5add-ae44-913752a27cde,25.01.06-E-20601334497-2,evaluacion,2025-01-06,80.0,confiable,EVALUADO,completada
203fec9f-c7f1-52a7-8345-d124b173f935,a6f1d8c3-6194-5804-ac16-a98cc205559d,d2728276-9634-5034-b858-1a0bf0b0ccfa,5779e150-82ca-52bb-8a95-0d09eb2d93b5,521c5f2b-a6fb-5add-ae44-913752a27cde,25.05.03-E-20544739230,evaluacion,2025-05-03,80.0,confiable,EVALUADO,completada
b20f7ff0-dd86-5480-869b-027858bb2da1,a6f1d8c3-6194-5804-ac16-a98cc205559d,46cf53ab-3bd4-5d6d-ac1e-2b6464c839a8,5779e150-82ca-52bb-8a95-0d09eb2d93b5,521c5f2b-a6fb-5add-ae44-913752a27cde,24.10.15-E-20544739230,evaluacion,2024-11-04,80.0,confiable,EVALUADO,completada
e4bcd9e4-83f4-53b3-a9d5-d769926f05e2,a6f1d8c3-6194-5804-ac16-a98cc205559d,f32ad9a0-6450-5ca2-8ba6-f19bf107a735,5779e150-82ca-52bb-8a95-0d09eb2d93b5,6f811197-a8f6-5a82-88f4-8dff77299da9,24.09.23-E-20431084172,evaluacion,2024-09-23,75.0,confiable,EVALUADO,completada
7bc5e204-f64e-50c8-93d1-5adb5cf196f6,a6f1d8c3-6194-5804-ac16-a98cc205559d,f32ad9a0-6450-5ca2-8ba6-f19bf107a735,808210af-a9b1-5943-b5f5-42d906b67508,6f811197-a8f6-5a82-88f4-8dff77299da9,24.09.23-S-20431084172,seleccion,2024-09-23,80.0,confiable,,completada
bb6569ff-2b68-5098-a662-b03de1abcb0e,a6f1d8c3-6194-5804-ac16-a98cc205559d,39687414-cf99-5fb0-8f4b-ceabc5446a4d,5779e150-82ca-52bb-8a95-0d09eb2d93b5,521c5f2b-a6fb-5add-ae44-913752a27cde,24.09.09-E-20601440181,evaluacion,2024-09-09,75.0,confiable,EVALUADO,completada
7bde5ffa-0b1d-593d-bc9a-a88d7b84cfd1,a6f1d8c3-6194-5804-ac16-a98cc205559d,39687414-cf99-5fb0-8f4b-ceabc5446a4d,5779e150-82ca-52bb-8a95-0d09eb2d93b5,521c5f2b-a6fb-5add-ae44-913752a27cde,24.06.08-E-20601440181,evaluacion,2024-06-08,75.0,confiable,EVALUADO,completada
9a73d738-405b-5f8c-b46f-d3202d68dbb8,a6f1d8c3-6194-5804-ac16-a98cc205559d,39687414-cf99-5fb0-8f4b-ceabc5446a4d,808210af-a9b1-5943-b5f5-42d906b67508,521c5f2b-a6fb-5add-ae44-913752a27cde,24.06.08-S-20601440181,seleccion,2024-06-08,75.0,confiable,,completada
a50c4950-9392-5a91-8699-5c1fbf4ddd4e,a6f1d8c3-6194-5804-ac16-a98cc205559d,4e442b67-3edb-5b46-9b03-a0feb683f594,5779e150-82ca-52bb-8a95-0d09eb2d93b5,521c5f2b-a6fb-5add-ae44-913752a27cde,25.06.03-E-10040074444,evaluacion,2025-06-03,80.0,confiable,EVALUADO,completada
ddba2e6a-e460-5fc7-af81-0fa345beb0fa,a6f1d8c3-6194-5804-ac16-a98cc205559d,009ea9c2-09bb-5a00-908e-313b1cde7902,5779e150-82ca-52bb-8a95-0d09eb2d93b5,521c5f2b-a6fb-5add-ae44-913752a27cde,24.12.05-E-10040074444,evaluacion,2024-12-05,80.0,confiable,EVALUADO,completada
0890b8b2-fdd2-5869-895c-e8ecea23ad26,a6f1d8c3-6194-5804-ac16-a98cc205559d,09678db9-ae6e-5e2e-abd7-d2469d39d4f3,5779e150-82ca-52bb-8a95-0d09eb2d93b5,521c5f2b-a6fb-5add-ae44-913752a27cde,25.05.03-E-10462433951,evaluacion,2025-05-03,80.0,confiable,EVALUADO,completada
8c4a0813-00b2-513d-9877-33c219af21d1,a6f1d8c3-6194-5804-ac16-a98cc205559d,ea2ff426-12c3-5ba6-8b15-2328c92ef6e1,5779e150-82ca-52bb-8a95-0d09eb2d93b5,521c5f2b-a6fb-5add-ae44-913752a27cde,24.11.04-E-10462433951,evaluacion,2024-11-04,80.0,confiable,EVALUADO,completada
12ea2ae3-02f0-5b94-b326-5fb30b44585b,a6f1d8c3-6194-5804-ac16-a98cc205559d,7855fc0d-047b-5dbf-88a9-e1bb3f182ad0,5779e150-82ca-52bb-8a95-0d09eb2d93b5,521c5f2b-a6fb-5add-ae44-913752a27cde,25.05.03-E-10421077229,evaluacion,2025-05-03,80.0,confiable,EVALUADO,completada
ededf08a-a97b-5060-aa40-4613c3119290,a6f1d8c3-6194-5804-ac16-a98cc205559d,91aeb1cd-c580-582f-8c81-99568da90e6c,5779e150-82ca-52bb-8a95-0d09eb2d93b5,521c5f2b-a6fb-5add-ae44-913752a27cde,24.11.04-E-10421077229,evaluacion,2024-11-04,80.0,confiable,EVALUADO,completada
9648d5fe-f16c-588e-9cbe-29ef81df8084,a6f1d8c3-6194-5804-ac16-a98cc205559d,e35c3cff-4f04-51d4-9e69-548dbea2f136,5779e150-82ca-52bb-8a95-0d09eb2d93b5,6f811197-a8f6-5a82-88f4-8dff77299da9,24.09.23-E-20605979654,evaluacion,2024-09-23,75.0,confiable,EVALUADO,completada
9918706f-ee9d-5786-bb7e-ce488659a5eb,a6f1d8c3-6194-5804-ac16-a98cc205559d,e35c3cff-4f04-51d4-9e69-548dbea2f136,808210af-a9b1-5943-b5f5-42d906b67508,6f811197-a8f6-5a82-88f4-8dff77299da9,24.09.23-S-20605979654,seleccion,2024-09-23,75.0,confiable,,completada
f1183da3-8338-5acd-bc81-f33970adb589,a6f1d8c3-6194-5804-ac16-a98cc205559d,b8c3c706-d9a5-52ff-93a7-a18014e39786,5779e150-82ca-52bb-8a95-0d09eb2d93b5,5233abd8-7ec4-595a-b65c-3694e9741f19,24.09.23-E-20452225949,evaluacion,2024-09-23,75.0,confiable,EVALUADO,completada
92d158d0-56c9-54b5-bc0c-aae777b65f26,a6f1d8c3-6194-5804-ac16-a98cc205559d,b8c3c706-d9a5-52ff-93a7-a18014e39786,808210af-a9b1-5943-b5f5-42d906b67508,5233abd8-7ec4-595a-b65c-3694e9741f19,24.09.23-S-20452225949,seleccion,2024-09-23,80.0,confiable,,completada
146b72d7-a61f-5aa8-a4ba-5625ac0419de,a6f1d8c3-6194-5804-ac16-a98cc205559d,89233540-cf71-5c16-9035-1a55b275ec41,5779e150-82ca-52bb-8a95-0d09eb2d93b5,521c5f2b-a6fb-5add-ae44-913752a27cde,25.06.09-E-20605042903,evaluacion,2025-06-09,75.0,confiable,EVALUADO,completada
21280678-74b6-5143-825c-c98a782d2f27,a6f1d8c3-6194-5804-ac16-a98cc205559d,11c53c98-b8c8-570c-bb3a-2e09478aa89e,5779e150-82ca-52bb-8a95-0d09eb2d93b5,521c5f2b-a6fb-5add-ae44-913752a27cde,25.06.09-E-20602541208,evaluacion,2025-06-09,75.0,confiable,EVALUADO,completada
3f798bcf-1482-5b00-bceb-fb53a9be70fa,a6f1d8c3-6194-5804-ac16-a98cc205559d,104c76af-5bfc-5022-afe4-a8fcc76e37f0,5779e150-82ca-52bb-8a95-0d09eb2d93b5,521c5f2b-a6fb-5add-ae44-913752a27cde,25.06.09-E-20610754407,evaluacion,2025-06-09,75.0,confiable,EVALUADO,completada
a9c023a7-0bf6-5625-ba06-a4421801ab62,a6f1d8c3-6194-5804-ac16-a98cc205559d,42665436-bb38-547b-8b14-975ae175ff1b,5779e150-82ca-52bb-8a95-0d09eb2d93b5,521c5f2b-a6fb-5add-ae44-913752a27cde,25.06.09-E-20613896024,evaluacion,2025-06-09,75.0,confiable,EVALUADO,completada
85ea7686-f866-50a7-9fa8-effd2387fe58,a6f1d8c3-6194-5804-ac16-a98cc205559d,c55d5bda-f055-580e-b800-8c718c146baa,5779e150-82ca-52bb-8a95-0d09eb2d93b5,521c5f2b-a6fb-5add-ae44-913752a27cde,25.06.09-E-20258352638,evaluacion,2025-06-09,75.0,confiable,EVALUADO,completada
681a65f5-d79a-5f7c-8393-f1d06c3fe93f,a6f1d8c3-6194-5804-ac16-a98cc205559d,99eadeb9-da50-5714-9013-edf0444cde75,5779e150-82ca-52bb-8a95-0d09eb2d93b5,5233abd8-7ec4-595a-b65c-3694e9741f19,25.07.30-E-20600585658,evaluacion,2025-07-30,75.0,confiable,EVALUADO,completada
2beaa31b-5b8f-52e5-9d97-7b92a0aeaa9c,a6f1d8c3-6194-5804-ac16-a98cc205559d,e3dc24c8-551e-505d-83b1-b8944c4ba6aa,5779e150-82ca-52bb-8a95-0d09eb2d93b5,5233abd8-7ec4-595a-b65c-3694e9741f19,25.07.30-E-20606657235,evaluacion,2025-07-30,75.0,confiable,EVALUADO,completada
